Product,Prefab name,Category,Price (EUR),Calories (kcal),Fat (g),Sugar (g),Protein (g),Carbohydrate (g),Alcohol (%),Lactose (Y/N),Gluten (Y/N),Vegan/Vegetarian/N
Sauce_1_1_1_1,Sauce_1_1_1_1,Sauce,2.49,102,5.1,1.7,5.4,7.8,0,Y,Y,N
Sauce_1_3_1_1,Sauce_1_3_1_1,Sauce,2.49,102,5.1,1.7,5.4,7.8,0,Y,Y,N
Sauce_1_2_1_1,Sauce_1_2_1_1,Sauce,1.99,145,4.8,0.2,2.2,22,0,N,N,Vegan
Sauce_1_4_1_1,Sauce_1_4_1_1,Sauce,1.99,145,4.8,0.2,2.2,22,0,N,N,Vegan
Sauce_1_5_1_1,Sauce_1_5_1_1,Sauce,1.69,350,1,2,8.5,73.3,0,Y,Y,Vegetarian
Sauce_2_2_1_1,Sauce_2_2_1_1,Sauce,1.69,350,1,2,8.5,73.3,0,Y,Y,Vegetarian
Sauce_2_1_1_1,Sauce_2_1_1_1,Sauce,1.69,350,1,2,8.5,73.3,0,Y,Y,Vegetarian
Sauce_2_4_1_1,Sauce_2_4_1_1,Sauce,3.69,230,8.5,3.2,9.5,28,0,Y,Y,N
Sauce_2_3_1_1,Sauce_2_3_1_1,Sauce,3.69,230,8.5,3.2,9.5,28,0,Y,Y,N
Soup_3_4_1_1,Soup_3_4_1_1,Soup,3.69,230,8.5,3.2,9.5,28,0,Y,Y,N
Soup_3_2_1_1,Soup_3_2_1_1,Soup,3.69,230,8.5,3.2,9.5,28,0,Y,Y,N
Soup_3_3_1_1,Soup_3_3_1_1,Soup,2.4,120,5,1.9,5,7.65,0,Y,Y,N
Soup_3_1_1_1,Soup_3_1_1_1,Soup,2.4,120,5,1.9,5,7.65,0,Y,Y,N
Sauce_4_2_1_1,Sauce_4_2_1_1,Sauce,2.4,120,5,1.9,5,7.65,0,Y,Y,N
Sauce_4_4_1_1,Sauce_4_4_1_1,Sauce,2.4,154,4.6,1.2,2.1,25,0,N,N,Vegan
Sauce_4_5_1_1,Sauce_4_5_1_1,Sauce,2.4,154,4.6,1.2,2.1,25,0,N,N,Vegan
Sauce_4_6_1_1,Sauce_4_6_1_1,Sauce,2.4,154,4.6,1.2,2.1,25,0,N,N,Vegan
Sauce_4_3_1_1,Sauce_4_3_1_1,Sauce,1.48,340,1.3,2.3,7.5,74.3,0,Y,Y,Vegetarian
Sauce_4_1_1_1,Sauce_4_1_1_1,Sauce,1.48,340,1.3,2.3,7.5,74.3,0,Y,Y,Vegetarian
Pasta_5_1_1_1,Pasta_5_1_1_1,Pasta,1.48,340,1.3,2.3,7.5,74.3,0,Y,Y,Vegetarian
Pasta_5_3_1_1,Pasta_5_3_1_1,Pasta,1.48,340,1.3,2.3,7.5,74.3,0,Y,Y,Vegetarian
Pasta_5_2_1_1,Pasta_5_2_1_1,Pasta,1.48,340,1.3,2.3,7.5,74.3,0,Y,Y,Vegetarian
Pasta_5_4_1_1,Pasta_5_4_1_1,Pasta,1.48,340,1.3,2.3,7.5,74.3,0,Y,Y,Vegetarian
Pasta_5_5_1_1,Pasta_5_5_1_1,Pasta,3.39,175,8.7,3.1,8.5,27,0,Y,Y,N
Pasta_6_1_1_1,Pasta_6_1_1_1,Pasta,3.39,175,8.7,3.1,8.5,27,0,Y,Y,N
Pasta_6_4_1_1,Pasta_6_4_1_1,Pasta,3.39,175,8.7,3.1,8.5,27,0,Y,Y,N
Pasta_6_3_1_1,Pasta_6_3_1_1,Pasta,2.19,330,5.6,1.45,5.1,77,0,Y,Y,N
Pasta_6_2_1_1,Pasta_6_2_1_1,Pasta,2.19,330,5.6,1.45,5.1,77,0,Y,Y,N
Rice_7_3_1_1,Rice_7_3_1_1,Rice,2.19,330,5.6,1.45,5.1,77,0,Y,Y,N
Rice_7_2_1_1,Rice_7_2_1_1,Rice,2.19,330,5.6,1.45,5.1,77,0,Y,Y,N
Rice_7_1_1_1,Rice_7_1_1_1,Rice,1.79,350,4.45,0.25,2.6,33,0,N,N,Vegan
Rice_8_4_1_1,Rice_8_4_1_1,Rice,1.79,350,4.45,0.25,2.6,33,0,N,N,Vegan
Rice_8_1_1_1,Rice_8_1_1_1,Rice,1.79,350,4.45,0.25,2.6,33,0,N,N,Vegan
Rice_8_2_1_1,Rice_8_2_1_1,Rice,1.79,350,4.45,0.25,2.6,33,0,N,N,Vegan
Rice_8_3_1_1,Rice_8_3_1_1,Rice,2.49,102,5.1,1.7,5.4,7.8,0,Y,Y,N
Sauce_9_3_1_1,Sauce_9_3_1_1,Sauce,2.49,102,5.1,1.7,5.4,7.8,0,Y,Y,N
Sauce_9_2_1_1,Sauce_9_2_1_1,Sauce,1.99,145,4.8,0.2,2.2,22,0,N,N,Vegan
Sauce_9_1_1_1,Sauce_9_1_1_1,Sauce,1.99,145,4.8,0.2,2.2,22,0,N,N,Vegan
Sauce_9_4_1_1,Sauce_9_4_1_1,Sauce,1.69,350,1,2,8.5,73.3,0,Y,Y,Vegetarian
Soup_10_1_1_1,Soup_10_1_1_1,Soup,1.69,350,1,2,8.5,73.3,0,Y,Y,Vegetarian
Soup_10_2_1_1,Soup_10_2_1_1,Soup,1.69,350,1,2,8.5,73.3,0,Y,Y,Vegetarian
Baking_11_4_1_1,Baking_11_4_1_1,Baking,3.69,230,8.5,3.2,9.5,28,0,Y,Y,N
Baking_11_3_1_1,Baking_11_3_1_1,Baking,3.69,230,8.5,3.2,9.5,28,0,Y,Y,N
Baking_11_1_1_1,Baking_11_1_1_1,Baking,3.69,230,8.5,3.2,9.5,28,0,Y,Y,N
Baking_11_2_1_1,Baking_11_2_1_1,Baking,3.69,230,8.5,3.2,9.5,28,0,Y,Y,N
Baking_12_3_1_1,Baking_12_3_1_1,Baking,2.4,120,5,1.9,5,7.65,0,Y,Y,N
Baking_12_2_1_1,Baking_12_2_1_1,Baking,2.4,120,5,1.9,5,7.65,0,Y,Y,N
Baking_12_1_1_1,Baking_12_1_1_1,Baking,2.4,120,5,1.9,5,7.65,0,Y,Y,N
Baking_13_4_1_1,Baking_13_4_1_1,Baking,2.4,154,4.6,1.2,2.1,25,0,N,N,Vegan
Baking_13_3_1_1,Baking_13_3_1_1,Baking,2.4,154,4.6,1.2,2.1,25,0,N,N,Vegan
Baking_13_2_1_1,Baking_13_2_1_1,Baking,2.4,154,4.6,1.2,2.1,25,0,N,N,Vegan
Baking_13_1_1_1,Baking_13_1_1_1,Baking,1.48,340,1.3,2.3,7.5,74.3,0,Y,Y,Vegetarian
Baking_14_2_1_1,Baking_14_2_1_1,Baking,1.48,340,1.3,2.3,7.5,74.3,0,Y,Y,Vegetarian
Baking_14_4_1_1,Baking_14_4_1_1,Baking,1.48,340,1.3,2.3,7.5,74.3,0,Y,Y,Vegetarian
Baking_14_3_1_1,Baking_14_3_1_1,Baking,1.48,340,1.3,2.3,7.5,74.3,0,Y,Y,Vegetarian
Baking_14_1_1_1,Baking_14_1_1_1,Baking,1.48,340,1.3,2.3,7.5,74.3,0,Y,Y,Vegetarian
Baking_15_1_1_1,Baking_15_1_1_1,Baking,1.48,340,1.3,2.3,7.5,74.3,0,Y,Y,Vegetarian
Baking_15_2_1_1,Baking_15_2_1_1,Baking,3.39,175,8.7,3.1,8.5,27,0,Y,Y,N
Baking_16_1_1_1,Baking_16_1_1_1,Baking,3.39,175,8.7,3.1,8.5,27,0,Y,Y,N
Baking_16_2_1_1,Baking_16_2_1_1,Baking,3.39,175,8.7,3.1,8.5,27,0,Y,Y,N
Baking_17_3_1_1,Baking_17_3_1_1,Baking,2.19,330,5.6,1.45,5.1,77,0,Y,Y,N
Baking_17_1_1_1,Baking_17_1_1_1,Baking,2.19,330,5.6,1.45,5.1,77,0,Y,Y,N
Baking_17_2_1_1,Baking_17_2_1_1,Baking,2.19,330,5.6,1.45,5.1,77,0,Y,Y,N
Baking_18_1_1_1,Baking_18_1_1_1,Baking,2.19,330,5.6,1.45,5.1,77,0,Y,Y,N
Baking_19_4_1_1,Baking_19_4_1_1,Baking,1.79,350,4.45,0.25,2.6,33,0,N,N,Vegan
Baking_19_3_1_1,Baking_19_3_1_1,Baking,1.79,350,4.45,0.25,2.6,33,0,N,N,Vegan
Baking_19_1_1_1,Baking_19_1_1_1,Baking,1.79,350,4.45,0.25,2.6,33,0,N,N,Vegan
Baking_19_2_1_1,Baking_19_2_1_1,Baking,1.79,350,4.45,0.25,2.6,33,0,N,N,Vegan
Baking_20_1_1_1,Baking_20_1_1_1,Baking,2.49,102,5.1,1.7,5.4,7.8,0,Y,Y,N
Baking_20_2_1_1,Baking_20_2_1_1,Baking,2.49,102,5.1,1.7,5.4,7.8,0,Y,Y,N
Baking_20_3_1_1,Baking_20_3_1_1,Baking,1.99,145,4.8,0.2,2.2,22,0,N,N,Vegan
Baking_21_2_1_1,Baking_21_2_1_1,Baking,1.99,145,4.8,0.2,2.2,22,0,N,N,Vegan
Baking_21_3_1_1,Baking_21_3_1_1,Baking,1.69,350,1,2,8.5,73.3,0,Y,Y,Vegetarian
Baking_21_4_1_1,Baking_21_4_1_1,Baking,1.69,350,1,2,8.5,73.3,0,Y,Y,Vegetarian
Baking_21_1_1_1,Baking_21_1_1_1,Baking,1.69,350,1,2,8.5,73.3,0,Y,Y,Vegetarian
Chocolate_22_1_1_1,Chocolate_22_1_1_1,Chocolate,3.69,230,8.5,3.2,9.5,28,0,Y,Y,N
Chocolate_23_1_1_1,Chocolate_23_1_1_1,Chocolate,3.69,230,8.5,3.2,9.5,28,0,Y,Y,N
Chocolate_25_1_1_1,Chocolate_25_1_1_1,Chocolate,3.69,230,8.5,3.2,9.5,28,0,Y,Y,N
Chocolate_26_1_1_1,Chocolate_26_1_1_1,Chocolate,3.69,230,8.5,3.2,9.5,28,1.2,Y,Y,N
Cookies_27_1_1_1,Cookies_27_1_1_1,Cookies,2.4,120,5,1.9,5,7.65,0,Y,Y,N
Chocolate_28_1_1_1,Chocolate_28_1_1_1,Chocolate,2.4,120,5,1.9,5,7.65,0,Y,Y,N
Chocolate_29_1_1_1,Chocolate_29_1_1_1,Chocolate,2.4,120,5,1.9,5,7.65,0,Y,Y,N
Chocolate_29_2_1_1,Chocolate_29_2_1_1,Chocolate,2.4,154,4.6,1.2,2.1,25,0,N,N,Vegan
Cookies_30_1_1_1,Cookies_30_1_1_1,Cookies,2.4,154,4.6,1.2,2.1,25,0,N,N,Vegan
Cookies_31_1_1_1,Cookies_31_1_1_1,Cookies,2.4,154,4.6,1.2,2.1,25,0,N,N,Vegan
Chocolate_32_1_1_1,Chocolate_32_1_1_1,Chocolate,1.48,340,1.3,2.3,7.5,74.3,0,Y,Y,Vegetarian
Chocolate_33_2_1_1,Chocolate_33_2_1_1,Chocolate,1.48,340,1.3,2.3,7.5,74.3,0,Y,Y,Vegetarian
Chocolate_33_1_1_1,Chocolate_33_1_1_1,Chocolate,1.48,340,1.3,2.3,7.5,74.3,0,Y,Y,Vegetarian
Cookies_34_1_1_3,Cookies_34_1_1_3,Cookies,1.48,340,1.3,2.3,7.5,74.3,0,Y,Y,Vegetarian
Cookies_34_1_1_2,Cookies_34_1_1_2,Cookies,1.48,340,1.3,2.3,7.5,74.3,0,Y,Y,Vegetarian
Cookies_34_1_1_1,Cookies_34_1_1_1,Cookies,1.48,340,1.3,2.3,7.5,74.3,0,Y,Y,Vegetarian
Cookies_35_1_1_1,Cookies_35_1_1_1,Cookies,3.39,175,8.7,3.1,8.5,27,0,Y,Y,N
Baking_36_4_1_1,Baking_36_4_1_1,Baking,3.39,175,8.7,3.1,8.5,27,0,Y,Y,N
Baking_36_5_1_1,Baking_36_5_1_1,Baking,3.39,175,8.7,3.1,8.5,27,0,Y,Y,N
Baking_36_1_1_1,Baking_36_1_1_1,Baking,2.19,330,5.6,1.45,5.1,77,0,Y,Y,N
Baking_36_2_1_1,Baking_36_2_1_1,Baking,2.19,330,5.6,1.45,5.1,77,0,Y,Y,N
Baking_36_3_1_1,Baking_36_3_1_1,Baking,2.19,330,5.6,1.45,5.1,77,0,Y,Y,N
Snacks_37_1_1_1,Snacks_37_1_1_1,Snacks,2.19,330,5.6,1.45,5.1,77,0,Y,Y,N
Snacks_38_1_1_1,Snacks_38_1_1_1,Snacks,1.79,350,4.45,0.25,2.6,33,0,N,N,Vegan
Snacks_39_1_1_1,Snacks_39_1_1_1,Snacks,1.79,350,4.45,0.25,2.6,33,0,N,N,Vegan
Snacks_39_2_1_1,Snacks_39_2_1_1,Snacks,1.79,350,4.45,0.25,2.6,33,0,N,N,Vegan
Snacks_40_1_1_1,Snacks_40_1_1_1,Snacks,1.79,350,4.45,0.25,2.6,33,0,N,N,Vegan
Snacks_40_2_1_1,Snacks_40_2_1_1,Snacks,2.49,102,5.1,1.7,5.4,7.8,0,Y,Y,N
Snacks_41_1_1_1,Snacks_41_1_1_1,Snacks,2.49,102,5.1,1.7,5.4,7.8,0,Y,Y,N
Snacks_41_2_1_1,Snacks_41_2_1_1,Snacks,1.99,145,4.8,0.2,2.2,22,0,N,N,Vegan
Snacks_42_1_1_1,Snacks_42_1_1_1,Snacks,1.99,145,4.8,0.2,2.2,22,0,N,N,Vegan
Snacks_42_2_1_1,Snacks_42_2_1_1,Snacks,1.69,350,1,2,8.5,73.3,0,Y,Y,Vegetarian
Snacks_43_1_1_1,Snacks_43_1_1_1,Snacks,1.69,350,1,2,8.5,73.3,0,Y,Y,Vegetarian
Snacks_44_1_1_1,Snacks_44_1_1_1,Snacks,1.69,350,1,2,8.5,73.3,0,Y,Y,Vegetarian
Snacks_44_2_1_1,Snacks_44_2_1_1,Snacks,3.69,230,8.5,3.2,9.5,28,0,Y,Y,N
Snacks_45_1_1_1,Snacks_45_1_1_1,Snacks,3.69,230,8.5,3.2,9.5,28,0,Y,Y,N
Snacks_46_1_1_1,Snacks_46_1_1_1,Snacks,3.69,230,8.5,3.2,9.5,28,0,Y,Y,N
Snacks_47_1_1_1,Snacks_47_1_1_1,Snacks,3.69,230,8.5,3.2,9.5,28,0,Y,Y,N
Chocolate_48_1_1_1,Chocolate_48_1_1_1,Chocolate,2.4,120,5,1.9,5,7.65,0,Y,Y,N
Coffee_49_1_1_1,Coffee_49_1_1_1,Coffee,2.4,120,5,1.9,5,7.65,1.3,Y,Y,N
Coffee_50_3_1_1,Coffee_50_3_1_1,Coffee,2.4,120,5,1.9,5,7.65,0,Y,Y,N
Coffee_50_2_1_1,Coffee_50_2_1_1,Coffee,2.4,154,4.6,1.2,2.1,25,0,N,N,Vegan
Coffee_50_1_1_1,Coffee_50_1_1_1,Coffee,2.4,154,4.6,1.2,2.1,25,0,N,N,Vegan
Coffee_50_4_1_1,Coffee_50_4_1_1,Coffee,2.4,154,4.6,1.2,2.1,25,0,N,N,Vegan
Coffee_51_1_1_1,Coffee_51_1_1_1,Coffee,1.48,340,1.3,2.3,7.5,74.3,0,Y,Y,Vegetarian
Coffee_52_2_1_1,Coffee_52_2_1_1,Coffee,1.48,340,1.3,2.3,7.5,74.3,0,Y,Y,Vegetarian
Coffee_52_1_1_1,Coffee_52_1_1_1,Coffee,1.48,340,1.3,2.3,7.5,74.3,0,Y,Y,Vegetarian
Coffee_53_1_1_1,Coffee_53_1_1_1,Coffee,1.48,340,1.3,2.3,7.5,74.3,0,Y,Y,Vegetarian
Coffee_53_2_1_1,Coffee_53_2_1_1,Coffee,1.48,340,1.3,2.3,7.5,74.3,0,Y,Y,Vegetarian
Coffee_54_2_1_1,Coffee_54_2_1_1,Coffee,1.48,340,1.3,2.3,7.5,74.3,0,Y,Y,Vegetarian
Coffee_54_1_1_1,Coffee_54_1_1_1,Coffee,3.39,175,8.7,3.1,8.5,27,0,Y,Y,N
Coffee_55_1_1_1,Coffee_55_1_1_1,Coffee,3.39,175,8.7,3.1,8.5,27,0,Y,Y,N
Coffee_56_3_1_1,Coffee_56_3_1_1,Coffee,3.39,175,8.7,3.1,8.5,27,0,Y,Y,N
Coffee_56_2_1_1,Coffee_56_2_1_1,Coffee,2.19,330,5.6,1.45,5.1,77,0,Y,Y,N
Coffee_56_1_1_1,Coffee_56_1_1_1,Coffee,2.19,330,5.6,1.45,5.1,77,0,Y,Y,N
ChocolateDrink_57_2_1_1,ChocolateDrink_57_2_1_1,ChocolateDrink,2.19,330,5.6,1.45,5.1,77,0,Y,Y,N
ChocolateDrink_57_1_1_1,ChocolateDrink_57_1_1_1,ChocolateDrink,2.19,330,5.6,1.45,5.1,77,0,Y,Y,N
ChocolateDrink_57_3_1_1,ChocolateDrink_57_3_1_1,ChocolateDrink,1.79,350,4.45,0.25,2.6,33,0,N,N,Vegan
Coffee_58_1_1_1,Coffee_58_1_1_1,Coffee,1.79,350,4.45,0.25,2.6,33,0,N,N,Vegan
Coffee_58_2_1_1,Coffee_58_2_1_1,Coffee,1.79,350,4.45,0.25,2.6,33,0,N,N,Vegan
Coffee_59_1_1_1,Coffee_59_1_1_1,Coffee,1.79,350,4.45,0.25,2.6,33,0,N,N,Vegan
Coffee_59_2_1_1,Coffee_59_2_1_1,Coffee,2.49,102,5.1,1.7,5.4,7.8,0,Y,Y,N
Coffee_59_3_1_1,Coffee_59_3_1_1,Coffee,2.49,102,5.1,1.7,5.4,7.8,0,Y,Y,N
Coffee_60_1_1_1,Coffee_60_1_1_1,Coffee,1.99,145,4.8,0.2,2.2,22,0,N,N,Vegan
Tea_61_1_1_4,Tea_61_1_1_4,Tea,1.99,145,4.8,0.2,2.2,22,0,N,N,Vegan
Tea_61_1_1_3,Tea_61_1_1_3,Tea,1.69,350,1,2,8.5,73.3,0,Y,Y,Vegetarian
Tea_61_1_1_1,Tea_61_1_1_1,Tea,1.69,350,1,2,8.5,73.3,0,Y,Y,Vegetarian
Tea_61_1_1_2,Tea_61_1_1_2,Tea,1.69,350,1,2,8.5,73.3,0,Y,Y,Vegetarian
Coffee_62_1_1_1,Coffee_62_1_1_1,Coffee,3.69,230,8.5,3.2,9.5,28,0,Y,Y,N
Coffee_62_2_1_1,Coffee_62_2_1_1,Coffee,3.69,230,8.5,3.2,9.5,28,3.4,Y,Y,N
Coffee_63_1_1_1,Coffee_63_1_1_1,Coffee,3.69,230,8.5,3.2,9.5,28,0,Y,Y,N
Coffee_63_3_1_1,Coffee_63_3_1_1,Coffee,3.69,230,8.5,3.2,9.5,28,0,Y,Y,N
Coffee_63_2_1_1,Coffee_63_2_1_1,Coffee,2.4,120,5,1.9,5,7.65,0,Y,Y,N
Coffee_63_4_1_1,Coffee_63_4_1_1,Coffee,2.4,120,5,1.9,5,7.65,0,Y,Y,N
Coffee_63_5_1_1,Coffee_63_5_1_1,Coffee,2.4,120,5,1.9,5,7.65,0,Y,Y,N
Tea_64_1_1_1,Tea_64_1_1_1,Tea,2.4,154,4.6,1.2,2.1,25,0,N,N,Vegan
Tea_64_1_1_4,Tea_64_1_1_4,Tea,2.4,154,4.6,1.2,2.1,25,0,N,N,Vegan
Tea_64_1_1_3,Tea_64_1_1_3,Tea,2.4,154,4.6,1.2,2.1,25,0,N,N,Vegan
Tea_64_1_1_2,Tea_64_1_1_2,Tea,1.48,340,1.3,2.3,7.5,74.3,0,Y,Y,Vegetarian
Coffee_65_1_1_1,Coffee_65_1_1_1,Coffee,1.48,340,1.3,2.3,7.5,74.3,0,Y,Y,Vegetarian
Coffee_66_1_1_1,Coffee_66_1_1_1,Coffee,1.48,340,1.3,2.3,7.5,74.3,0,Y,Y,Vegetarian
Coffee_66_1_1_3,Coffee_66_1_1_3,Coffee,1.48,340,1.3,2.3,7.5,74.3,0,Y,Y,Vegetarian
Coffee_66_1_1_2,Coffee_66_1_1_2,Coffee,1.48,340,1.3,2.3,7.5,74.3,0,Y,Y,Vegetarian
Tea_67_1_1_1,Tea_67_1_1_1,Tea,1.48,340,1.3,2.3,7.5,74.3,0,Y,Y,Vegetarian
Tea_67_2_1_1,Tea_67_2_1_1,Tea,3.39,175,8.7,3.1,8.5,27,0,Y,Y,N
Coffee_68_1_1_1,Coffee_68_1_1_1,Coffee,3.39,175,8.7,3.1,8.5,27,0,Y,Y,N
Coffee_68_1_1_3,Coffee_68_1_1_3,Coffee,3.39,175,8.7,3.1,8.5,27,0,Y,Y,N
Coffee_68_1_1_2,Coffee_68_1_1_2,Coffee,2.19,330,5.6,1.45,5.1,77,0,Y,Y,N
Tea_69_2_1_1,Tea_69_2_1_1,Tea,2.19,330,5.6,1.45,5.1,77,0,Y,Y,N
Tea_69_1_1_1,Tea_69_1_1_1,Tea,2.19,330,5.6,1.45,5.1,77,0,Y,Y,N
Tea_69_3_1_1,Tea_69_3_1_1,Tea,2.19,330,5.6,1.45,5.1,77,0,Y,Y,N
Tea_70_1_1_4,Tea_70_1_1_4,Tea,1.79,350,4.45,0.25,2.6,33,0,N,N,Vegan
Tea_70_1_1_2,Tea_70_1_1_2,Tea,1.79,350,4.45,0.25,2.6,33,0,N,N,Vegan
Tea_70_1_1_1,Tea_70_1_1_1,Tea,1.79,350,4.45,0.25,2.6,33,0,N,N,Vegan
Tea_70_1_1_3,Tea_70_1_1_3,Tea,1.79,350,4.45,0.25,2.6,33,0,N,N,Vegan
Cereals_71_1_1_1,Cereals_71_1_1_1,Cereals,2.49,102,5.1,1.7,5.4,7.8,0,Y,Y,N
Cereals_72_1_1_1,Cereals_72_1_1_1,Cereals,2.49,102,5.1,1.7,5.4,7.8,0,Y,Y,N
Cereals_73_2_1_1,Cereals_73_2_1_1,Cereals,1.99,145,4.8,0.2,2.2,22,0,N,N,Vegan
Cereals_73_1_1_1,Cereals_73_1_1_1,Cereals,1.99,145,4.8,0.2,2.2,22,0,N,N,Vegan
Cereals_74_2_1_1,Cereals_74_2_1_1,Cereals,1.69,350,1,2,8.5,73.3,0,Y,Y,Vegetarian
Cereals_74_1_1_1,Cereals_74_1_1_1,Cereals,1.69,350,1,2,8.5,73.3,0,Y,Y,Vegetarian
Cereals_75_1_1_1,Cereals_75_1_1_1,Cereals,1.69,350,1,2,8.5,73.3,0,Y,Y,Vegetarian
Cereals_76_1_1_1,Cereals_76_1_1_1,Cereals,3.69,230,8.5,3.2,9.5,28,0,Y,Y,N
Cereals_76_2_1_2,Cereals_76_2_1_2,Cereals,3.69,230,8.5,3.2,9.5,28,0,Y,Y,N
Cereals_76_2_1_1,Cereals_76_2_1_1,Cereals,3.69,230,8.5,3.2,9.5,28,0,Y,Y,N
Cereals_76_1_1_2,Cereals_76_1_1_2,Cereals,3.69,230,8.5,3.2,9.5,28,0,Y,Y,N
Cereals_77_1_1_1,Cereals_77_1_1_1,Cereals,2.4,120,5,1.9,5,7.65,0,Y,Y,N
Cereals_78_1_1_1,Cereals_78_1_1_1,Cereals,2.4,120,5,1.9,5,7.65,0,Y,Y,N
Cereals_78_2_1_1,Cereals_78_2_1_1,Cereals,2.4,120,5,1.9,5,7.65,0,Y,Y,N
Cereals_79_2_1_1,Cereals_79_2_1_1,Cereals,2.4,154,4.6,1.2,2.1,25,0,N,N,Vegan
Cereals_79_1_1_1,Cereals_79_1_1_1,Cereals,2.4,154,4.6,1.2,2.1,25,0,N,N,Vegan
Cereals_80_2_1_1,Cereals_80_2_1_1,Cereals,2.4,154,4.6,1.2,2.1,25,0,N,N,Vegan
Cereals_80_1_1_1,Cereals_80_1_1_1,Cereals,1.48,340,1.3,2.3,7.5,74.3,0,Y,Y,Vegetarian
Cereals_81_2_1_1,Cereals_81_2_1_1,Cereals,1.48,340,1.3,2.3,7.5,74.3,0,Y,Y,Vegetarian
Cereals_81_1_1_1,Cereals_81_1_1_1,Cereals,1.48,340,1.3,2.3,7.5,74.3,0,Y,Y,Vegetarian
Cereals_82_2_1_1,Cereals_82_2_1_1,Cereals,1.48,340,1.3,2.3,7.5,74.3,0,Y,Y,Vegetarian
Cereals_82_1_1_1,Cereals_82_1_1_1,Cereals,1.48,340,1.3,2.3,7.5,74.3,0,Y,Y,Vegetarian
Cereals_83_2_1_1,Cereals_83_2_1_1,Cereals,1.48,340,1.3,2.3,7.5,74.3,0,Y,Y,Vegetarian
Cereals_83_1_1_1,Cereals_83_1_1_1,Cereals,3.39,175,8.7,3.1,8.5,27,0,Y,Y,N
Cereals_84_1_1_1,Cereals_84_1_1_1,Cereals,3.39,175,8.7,3.1,8.5,27,0,Y,Y,N
Cereals_85_1_1_1,Cereals_85_1_1_1,Cereals,3.39,175,8.7,3.1,8.5,27,0,Y,Y,N
Cereals_86_1_1_1,Cereals_86_1_1_1,Cereals,2.19,330,5.6,1.45,5.1,77,0,Y,Y,N
Bread_87_1_1_1,Bread_87_1_1_1,Bread,2.19,330,5.6,1.45,5.1,77,0,Y,Y,N
Cereals_88_1_1_1,Cereals_88_1_1_1,Cereals,2.19,330,5.6,1.45,5.1,77,0,Y,Y,N
Cereals_89_1_1_1,Cereals_89_1_1_1,Cereals,2.19,330,5.6,1.45,5.1,77,0,Y,Y,N
Bread_90_1_1_1,Bread_90_1_1_1,Bread,1.79,350,4.45,0.25,2.6,33,0,N,N,Vegan
Bread_90_2_1_1,Bread_90_2_1_1,Bread,1.79,350,4.45,0.25,2.6,33,0,N,N,Vegan
Bread_91_2_1_1,Bread_91_2_1_1,Bread,1.79,350,4.45,0.25,2.6,33,0,N,N,Vegan
Bread_91_1_1_1,Bread_91_1_1_1,Bread,1.79,350,4.45,0.25,2.6,33,0,N,N,Vegan
Bread_92_1_1_1,Bread_92_1_1_1,Bread,2.49,102,5.1,1.7,5.4,7.8,0,Y,Y,N
Bread_92_2_1_1,Bread_92_2_1_1,Bread,2.49,102,5.1,1.7,5.4,7.8,0,Y,Y,N
Bread_92_3_1_1,Bread_92_3_1_1,Bread,1.99,145,4.8,0.2,2.2,22,0,N,N,Vegan
Bread_93_2_1_2,Bread_93_2_1_2,Bread,1.99,145,4.8,0.2,2.2,22,0,N,N,Vegan
Bread_93_1_1_1,Bread_93_1_1_1,Bread,1.69,350,1,2,8.5,73.3,0,Y,Y,Vegetarian
Bread_93_2_1_1,Bread_93_2_1_1,Bread,1.69,350,1,2,8.5,73.3,0,Y,Y,Vegetarian
Bread_93_1_1_2,Bread_93_1_1_2,Bread,1.69,350,1,2,8.5,73.3,0,Y,Y,Vegetarian
Bread_94_2_1_1,Bread_94_2_1_1,Bread,3.69,230,8.5,3.2,9.5,28,0,Y,Y,N
Bread_94_1_1_1,Bread_94_1_1_1,Bread,3.69,230,8.5,3.2,9.5,28,0,Y,Y,N
Bread_95_1_1_1,Bread_95_1_1_1,Bread,3.69,230,8.5,3.2,9.5,28,0,Y,Y,N
Bread_95_2_1_1,Bread_95_2_1_1,Bread,3.69,230,8.5,3.2,9.5,28,0,Y,Y,N
Bread_96_1_1_1,Bread_96_1_1_1,Bread,2.4,120,5,1.9,5,7.65,0,Y,Y,N
Bread_96_2_1_1,Bread_96_2_1_1,Bread,2.4,120,5,1.9,5,7.65,0,Y,Y,N
Bread_97_1_1_1,Bread_97_1_1_1,Bread,2.4,120,5,1.9,5,7.65,0,Y,Y,N
Bread_97_1_1_2,Bread_97_1_1_2,Bread,2.4,154,4.6,1.2,2.1,25,0,N,N,Vegan
Bread_98_1_1_1,Bread_98_1_1_1,Bread,2.4,154,4.6,1.2,2.1,25,0,N,N,Vegan
Bread_98_2_1_1,Bread_98_2_1_1,Bread,2.4,154,4.6,1.2,2.1,25,0,N,N,Vegan
Cereals_99_2_1_1,Cereals_99_2_1_1,Cereals,1.48,340,1.3,2.3,7.5,74.3,0,Y,Y,Vegetarian
Cereals_99_1_1_1,Cereals_99_1_1_1,Cereals,1.48,340,1.3,2.3,7.5,74.3,0,Y,Y,Vegetarian
Cereals_100_1_1_1,Cereals_100_1_1_1,Cereals,1.48,340,1.3,2.3,7.5,74.3,0,Y,Y,Vegetarian
Cereals_100_2_1_1,Cereals_100_2_1_1,Cereals,1.48,340,1.3,2.3,7.5,74.3,0,Y,Y,Vegetarian
RawMeat_102_1_1_1,RawMeat_102_1_1_1,RawMeat,1.48,340,1.3,2.3,7.5,74.3,0,Y,Y,Vegetarian
RawMeat_102_2_1_1,RawMeat_102_2_1_1,RawMeat,1.48,340,1.3,2.3,7.5,74.3,0,Y,Y,Vegetarian
RawMeat_102_3_1_1,RawMeat_102_3_1_1,RawMeat,3.39,175,8.7,3.1,8.5,27,0,Y,Y,N
Pizza_106_1_1_1,Pizza_106_1_1_1,Pizza,3.39,175,8.7,3.1,8.5,27,0,Y,Y,N
MeatSnacks_108_1_1_1,MeatSnacks_108_1_1_1,MeatSnacks,3.39,175,8.7,3.1,8.5,27,0,Y,Y,N
MeatSnacks_108_2_1_1,MeatSnacks_108_2_1_1,MeatSnacks,2.19,330,5.6,1.45,5.1,77,0,Y,Y,N
Pizza_109_2_1_1,Pizza_109_2_1_1,Pizza,2.19,330,5.6,1.45,5.1,77,0,Y,Y,N
Pizza_109_3_1_1,Pizza_109_3_1_1,Pizza,2.19,330,5.6,1.45,5.1,77,0,Y,Y,N
Pizza_109_1_1_1,Pizza_109_1_1_1,Pizza,2.19,330,5.6,1.45,5.1,77,0,Y,Y,N
MeatSnacks_111_1_1_1,MeatSnacks_111_1_1_1,MeatSnacks,1.79,350,4.45,0.25,2.6,33,0,N,N,Vegan
RawMeat_115_2_1_1,RawMeat_115_2_1_1,RawMeat,1.79,350,4.45,0.25,2.6,33,0,N,N,Vegan
RawMeat_115_1_1_1,RawMeat_115_1_1_1,RawMeat,1.79,350,4.45,0.25,2.6,33,0,N,N,Vegan
RawMeat_115_3_1_1,RawMeat_115_3_1_1,RawMeat,1.79,350,4.45,0.25,2.6,33,0,N,N,Vegan
RawMeat_115_4_1_1,RawMeat_115_4_1_1,RawMeat,2.49,102,5.1,1.7,5.4,7.8,0,Y,Y,N
RawMeat_117_5_1_1,RawMeat_117_5_1_1,RawMeat,2.49,102,5.1,1.7,5.4,7.8,0,Y,Y,N
RawMeat_117_3_1_1,RawMeat_117_3_1_1,RawMeat,1.99,145,4.8,0.2,2.2,22,0,N,N,Vegan
RawMeat_117_4_1_1,RawMeat_117_4_1_1,RawMeat,1.99,145,4.8,0.2,2.2,22,0,N,N,Vegan
RawMeat_117_1_1_1,RawMeat_117_1_1_1,RawMeat,1.69,350,1,2,8.5,73.3,0,Y,Y,Vegetarian
RawMeat_117_2_1_1,RawMeat_117_2_1_1,RawMeat,1.69,350,1,2,8.5,73.3,0,Y,Y,Vegetarian
MeatSnacks_118_1_1_1,MeatSnacks_118_1_1_1,MeatSnacks,1.69,350,1,2,8.5,73.3,0,Y,Y,Vegetarian
MeatSnacks_119_1_1_1,MeatSnacks_119_1_1_1,MeatSnacks,3.69,230,8.5,3.2,9.5,28,0,Y,Y,N
MeatSnacks_119_2_1_1,MeatSnacks_119_2_1_1,MeatSnacks,3.69,230,8.5,3.2,9.5,28,0,Y,Y,N
MeatSnacks_120_1_1_1,MeatSnacks_120_1_1_1,MeatSnacks,3.69,230,8.5,3.2,9.5,28,0,Y,Y,N
RawMeat_121_2_1_1,RawMeat_121_2_1_1,RawMeat,3.69,230,8.5,3.2,9.5,28,0,Y,Y,N
RawMeat_121_3_1_1,RawMeat_121_3_1_1,RawMeat,2.4,120,5,1.9,5,7.65,0,Y,Y,N
RawMeat_121_4_1_1,RawMeat_121_4_1_1,RawMeat,2.4,120,5,1.9,5,7.65,0,Y,Y,N
RawMeat_121_1_1_1,RawMeat_121_1_1_1,RawMeat,2.4,120,5,1.9,5,7.65,0,Y,Y,N
MeatSnacks_122_3_1_1,MeatSnacks_122_3_1_1,MeatSnacks,2.4,154,4.6,1.2,2.1,25,0,N,N,Vegan
MeatSnacks_122_1_1_1,MeatSnacks_122_1_1_1,MeatSnacks,2.4,154,4.6,1.2,2.1,25,0,N,N,Vegan
MeatSnacks_122_2_1_1,MeatSnacks_122_2_1_1,MeatSnacks,2.4,154,4.6,1.2,2.1,25,0,N,N,Vegan
MeatSnacks_123_3_1_3,MeatSnacks_123_3_1_3,MeatSnacks,1.48,340,1.3,2.3,7.5,74.3,0,Y,Y,Vegetarian
MeatSnacks_123_1_1_3,MeatSnacks_123_1_1_3,MeatSnacks,1.48,340,1.3,2.3,7.5,74.3,0,Y,Y,Vegetarian
MeatSnacks_123_3_1_2,MeatSnacks_123_3_1_2,MeatSnacks,1.48,340,1.3,2.3,7.5,74.3,0,Y,Y,Vegetarian
MeatSnacks_123_1_1_2,MeatSnacks_123_1_1_2,MeatSnacks,1.48,340,1.3,2.3,7.5,74.3,0,Y,Y,Vegetarian
MeatSnacks_123_3_1_1,MeatSnacks_123_3_1_1,MeatSnacks,1.48,340,1.3,2.3,7.5,74.3,0,Y,Y,Vegetarian
MeatSnacks_123_2_1_1,MeatSnacks_123_2_1_1,MeatSnacks,1.48,340,1.3,2.3,7.5,74.3,0,Y,Y,Vegetarian
MeatSnacks_123_1_1_1,MeatSnacks_123_1_1_1,MeatSnacks,3.39,175,8.7,3.1,8.5,27,0,Y,Y,N
MeatSnacks_123_2_1_3,MeatSnacks_123_2_1_3,MeatSnacks,3.39,175,8.7,3.1,8.5,27,0,Y,Y,N
MeatSnacks_123_2_1_2,MeatSnacks_123_2_1_2,MeatSnacks,3.39,175,8.7,3.1,8.5,27,0,Y,Y,N
RawMeat_124_2_1_1,RawMeat_124_2_1_1,RawMeat,2.19,330,5.6,1.45,5.1,77,0,Y,Y,N
RawMeat_124_1_1_1,RawMeat_124_1_1_1,RawMeat,2.19,330,5.6,1.45,5.1,77,0,Y,Y,N
MeatSnacks_125_1_1_1,MeatSnacks_125_1_1_1,MeatSnacks,2.19,330,5.6,1.45,5.1,77,0,Y,Y,N
MeatSnacks_125_2_1_1,MeatSnacks_125_2_1_1,MeatSnacks,2.19,330,5.6,1.45,5.1,77,0,Y,Y,N
Pizza_126_2_1_1,Pizza_126_2_1_1,Pizza,1.79,350,4.45,0.25,2.6,33,0,N,N,Vegan
Pizza_126_1_1_1,Pizza_126_1_1_1,Pizza,1.79,350,4.45,0.25,2.6,33,0,N,N,Vegan
MeatSnacks_127_1_1_1,MeatSnacks_127_1_1_1,MeatSnacks,1.79,350,4.45,0.25,2.6,33,0,N,N,Vegan
MeatSnacks_127_2_1_1,MeatSnacks_127_2_1_1,MeatSnacks,1.79,350,4.45,0.25,2.6,33,0,N,N,Vegan
MeatSnacks_127_3_1_1,MeatSnacks_127_3_1_1,MeatSnacks,2.49,102,5.1,1.7,5.4,7.8,0,Y,Y,N
MeatSnacks_128_2_1_1,MeatSnacks_128_2_1_1,MeatSnacks,2.49,102,5.1,1.7,5.4,7.8,0,Y,Y,N
MeatSnacks_128_1_1_1,MeatSnacks_128_1_1_1,MeatSnacks,1.99,145,4.8,0.2,2.2,22,0,N,N,Vegan
RawMeat_130_2_1_1,RawMeat_130_2_1_1,RawMeat,1.99,145,4.8,0.2,2.2,22,0,N,N,Vegan
RawMeat_130_3_1_1,RawMeat_130_3_1_1,RawMeat,1.69,350,1,2,8.5,73.3,0,Y,Y,Vegetarian
RawMeat_130_1_1_1,RawMeat_130_1_1_1,RawMeat,1.69,350,1,2,8.5,73.3,0,Y,Y,Vegetarian
Pizza_155_1_1_1,Pizza_155_1_1_1,Pizza,1.69,350,1,2,8.5,73.3,0,Y,Y,Vegetarian
Pizza_156_1_1_1,Pizza_156_1_1_1,Pizza,3.69,230,8.5,3.2,9.5,28,0,Y,Y,N
Pizza_156_3_1_1,Pizza_156_3_1_1,Pizza,3.69,230,8.5,3.2,9.5,28,0,Y,Y,N
Pizza_156_2_1_1,Pizza_156_2_1_1,Pizza,3.69,230,8.5,3.2,9.5,28,0,Y,Y,N
Pizza_156_5_1_1,Pizza_156_5_1_1,Pizza,3.69,230,8.5,3.2,9.5,28,0,Y,Y,N
Pizza_156_4_1_1,Pizza_156_4_1_1,Pizza,2.4,120,5,1.9,5,7.65,0,Y,Y,N
Pizza_157_2_1_1,Pizza_157_2_1_1,Pizza,2.4,120,5,1.9,5,7.65,0,Y,Y,N
Pizza_157_1_1_1,Pizza_157_1_1_1,Pizza,2.4,120,5,1.9,5,7.65,0,Y,Y,N
Pizza_158_1_1_1,Pizza_158_1_1_1,Pizza,2.4,154,4.6,1.2,2.1,25,0,N,N,Vegan
Pizza_158_2_1_1,Pizza_158_2_1_1,Pizza,2.4,154,4.6,1.2,2.1,25,0,N,N,Vegan
Pizza_159_1_1_1,Pizza_159_1_1_1,Pizza,2.4,154,4.6,1.2,2.1,25,0,N,N,Vegan
Pizza_160_2_1_1,Pizza_160_2_1_1,Pizza,1.48,340,1.3,2.3,7.5,74.3,0,Y,Y,Vegetarian
Pizza_160_1_1_1,Pizza_160_1_1_1,Pizza,1.48,340,1.3,2.3,7.5,74.3,0,Y,Y,Vegetarian
Crackers_166_1_1_1,Crackers_166_1_1_1,Crackers,1.48,340,1.3,2.3,7.5,74.3,0,Y,Y,Vegetarian
Crackers_166_2_1_1,Crackers_166_2_1_1,Crackers,1.48,340,1.3,2.3,7.5,74.3,0,Y,Y,Vegetarian
Crackers_166_3_1_1,Crackers_166_3_1_1,Crackers,1.48,340,1.3,2.3,7.5,74.3,0,Y,Y,Vegetarian
Crackers_167_1_1_1,Crackers_167_1_1_1,Crackers,1.48,340,1.3,2.3,7.5,74.3,0,Y,Y,Vegetarian
Crackers_167_3_1_1,Crackers_167_3_1_1,Crackers,3.39,175,8.7,3.1,8.5,27,0,Y,Y,N
Crackers_167_2_1_1,Crackers_167_2_1_1,Crackers,3.39,175,8.7,3.1,8.5,27,0,Y,Y,N
Crackers_168_2_1_1,Crackers_168_2_1_1,Crackers,3.39,175,8.7,3.1,8.5,27,0,Y,Y,N
Crackers_168_1_1_1,Crackers_168_1_1_1,Crackers,2.19,330,5.6,1.45,5.1,77,0,Y,Y,N
Crackers_168_1_1_2,Crackers_168_1_1_2,Crackers,2.19,330,5.6,1.45,5.1,77,0,Y,Y,N
Crackers_168_2_1_2,Crackers_168_2_1_2,Crackers,2.19,330,5.6,1.45,5.1,77,0,Y,Y,N
Crackers_168_1_1_3,Crackers_168_1_1_3,Crackers,2.19,330,5.6,1.45,5.1,77,0,Y,Y,N
Crackers_168_2_1_3,Crackers_168_2_1_3,Crackers,1.79,350,4.45,0.25,2.6,33,0,N,N,Vegan
Crackers_169_2_1_1,Crackers_169_2_1_1,Crackers,1.79,350,4.45,0.25,2.6,33,0,N,N,Vegan
Crackers_169_3_1_1,Crackers_169_3_1_1,Crackers,1.79,350,4.45,0.25,2.6,33,0,N,N,Vegan
Crackers_169_1_1_1,Crackers_169_1_1_1,Crackers,1.79,350,4.45,0.25,2.6,33,0,N,N,Vegan
Crackers_170_1_1_1,Crackers_170_1_1_1,Crackers,2.49,102,5.1,1.7,5.4,7.8,0,Y,Y,N
Crackers_170_2_1_1,Crackers_170_2_1_1,Crackers,2.49,102,5.1,1.7,5.4,7.8,0,Y,Y,N
Crackers_170_3_1_1,Crackers_170_3_1_1,Crackers,1.99,145,4.8,0.2,2.2,22,0,N,N,Vegan
Toast_171_1_1_1,Toast_171_1_1_1,Toast,1.99,145,4.8,0.2,2.2,22,0,N,N,Vegan
Toast_171_2_1_1,Toast_171_2_1_1,Toast,1.69,350,1,2,8.5,73.3,0,Y,Y,Vegetarian
Toast_171_3_1_1,Toast_171_3_1_1,Toast,1.69,350,1,2,8.5,73.3,0,Y,Y,Vegetarian
Toast_172_2_1_1,Toast_172_2_1_1,Toast,1.69,350,1,2,8.5,73.3,0,Y,Y,Vegetarian
Toast_172_1_1_1,Toast_172_1_1_1,Toast,3.69,230,8.5,3.2,9.5,28,0,Y,Y,N
Toast_172_3_1_1,Toast_172_3_1_1,Toast,3.69,230,8.5,3.2,9.5,28,0,Y,Y,N
Toast_173_2_1_1,Toast_173_2_1_1,Toast,3.69,230,8.5,3.2,9.5,28,0,Y,Y,N
Toast_173_3_1_1,Toast_173_3_1_1,Toast,3.69,230,8.5,3.2,9.5,28,0,Y,Y,N
Toast_173_4_1_1,Toast_173_4_1_1,Toast,2.4,120,5,1.9,5,7.65,0,Y,Y,N
Toast_173_2_1_2,Toast_173_2_1_2,Toast,2.4,120,5,1.9,5,7.65,0,Y,Y,N
Toast_173_3_1_2,Toast_173_3_1_2,Toast,2.4,120,5,1.9,5,7.65,0,Y,Y,N
Toast_173_4_1_2,Toast_173_4_1_2,Toast,2.4,154,4.6,1.2,2.1,25,0,N,N,Vegan
Toast_173_5_1_1,Toast_173_5_1_1,Toast,2.4,154,4.6,1.2,2.1,25,0,N,N,Vegan
Toast_173_5_1_2,Toast_173_5_1_2,Toast,2.4,154,4.6,1.2,2.1,25,0,N,N,Vegan
Toast_173_1_1_1,Toast_173_1_1_1,Toast,1.48,340,1.3,2.3,7.5,74.3,0,Y,Y,Vegetarian
Toast_173_1_1_2,Toast_173_1_1_2,Toast,1.48,340,1.3,2.3,7.5,74.3,0,Y,Y,Vegetarian
Toast_174_1_1_4,Toast_174_1_1_4,Toast,1.48,340,1.3,2.3,7.5,74.3,0,Y,Y,Vegetarian
Toast_174_2_1_2,Toast_174_2_1_2,Toast,1.48,340,1.3,2.3,7.5,74.3,0,Y,Y,Vegetarian
Toast_174_1_1_2,Toast_174_1_1_2,Toast,1.48,340,1.3,2.3,7.5,74.3,0,Y,Y,Vegetarian
Toast_174_3_1_1,Toast_174_3_1_1,Toast,1.48,340,1.3,2.3,7.5,74.3,0,Y,Y,Vegetarian
Toast_174_2_1_1,Toast_174_2_1_1,Toast,3.39,175,8.7,3.1,8.5,27,0,Y,Y,N
Toast_174_3_1_4,Toast_174_3_1_4,Toast,3.39,175,8.7,3.1,8.5,27,0,Y,Y,N
Toast_174_2_1_3,Toast_174_2_1_3,Toast,3.39,175,8.7,3.1,8.5,27,0,Y,Y,N
Toast_174_3_1_3,Toast_174_3_1_3,Toast,2.19,330,5.6,1.45,5.1,77,0,Y,Y,N
Toast_174_3_1_2,Toast_174_3_1_2,Toast,2.19,330,5.6,1.45,5.1,77,0,Y,Y,N
Toast_174_1_1_3,Toast_174_1_1_3,Toast,2.19,330,5.6,1.45,5.1,77,0,Y,Y,N
Toast_174_1_1_1,Toast_174_1_1_1,Toast,2.19,330,5.6,1.45,5.1,77,0,Y,Y,N
Toast_174_2_1_4,Toast_174_2_1_4,Toast,1.79,350,4.45,0.25,2.6,33,0,N,N,Vegan
Toast_175_3_1_1,Toast_175_3_1_1,Toast,1.79,350,4.45,0.25,2.6,33,0,N,N,Vegan
Toast_175_2_1_1,Toast_175_2_1_1,Toast,1.79,350,4.45,0.25,2.6,33,0,N,N,Vegan
Toast_175_1_1_1,Toast_175_1_1_1,Toast,1.79,350,4.45,0.25,2.6,33,0,N,N,Vegan
Toast_176_2_1_1,Toast_176_2_1_1,Toast,2.49,102,5.1,1.7,5.4,7.8,0,Y,Y,N
Toast_176_1_1_1,Toast_176_1_1_1,Toast,2.49,102,5.1,1.7,5.4,7.8,0,Y,Y,N
Crackers_177_2_1_1,Crackers_177_2_1_1,Crackers,1.99,145,4.8,0.2,2.2,22,0,N,N,Vegan
Crackers_177_1_1_1,Crackers_177_1_1_1,Crackers,1.99,145,4.8,0.2,2.2,22,0,N,N,Vegan
Cleaning_178_1_1_1,Cleaning_178_1_1_1,Cleaning,1.69,350,1,2,8.5,73.3,0,Y,Y,Vegetarian
Cleaning_179_1_1_1,Cleaning_179_1_1_1,Cleaning,1.69,350,1,2,8.5,73.3,0,Y,Y,Vegetarian
Cleaning_181_1_1_1,Cleaning_181_1_1_1,Cleaning,1.69,350,1,2,8.5,73.3,0,Y,Y,Vegetarian
Cleaning_182_1_1_1,Cleaning_182_1_1_1,Cleaning,3.69,230,8.5,3.2,9.5,28,0,Y,Y,N
Cleaning_183_2_1_1,Cleaning_183_2_1_1,Cleaning,3.69,230,8.5,3.2,9.5,28,0,Y,Y,N
Cleaning_183_1_1_1,Cleaning_183_1_1_1,Cleaning,3.69,230,8.5,3.2,9.5,28,0,Y,Y,N
Cleaning_185_1_1_1,Cleaning_185_1_1_1,Cleaning,3.69,230,8.5,3.2,9.5,28,0,Y,Y,N
Kitchen_186_1_1_2,Kitchen_186_1_1_2,Kitchen,2.4,120,5,1.9,5,7.65,0,Y,Y,N
Kitchen_186_1_1_3,Kitchen_186_1_1_3,Kitchen,2.4,120,5,1.9,5,7.65,0,Y,Y,N
Kitchen_186_1_1_1,Kitchen_186_1_1_1,Kitchen,2.4,120,5,1.9,5,7.65,0,Y,Y,N
Kitchen_187_1_1_9,Kitchen_187_1_1_9,Kitchen,2.4,154,4.6,1.2,2.1,25,0,N,N,Vegan
Kitchen_187_1_1_8,Kitchen_187_1_1_8,Kitchen,2.4,154,4.6,1.2,2.1,25,0,N,N,Vegan
Kitchen_187_1_1_7,Kitchen_187_1_1_7,Kitchen,2.4,154,4.6,1.2,2.1,25,0,N,N,Vegan
Kitchen_187_1_1_5,Kitchen_187_1_1_5,Kitchen,1.48,340,1.3,2.3,7.5,74.3,0,Y,Y,Vegetarian
Kitchen_187_1_1_6,Kitchen_187_1_1_6,Kitchen,1.48,340,1.3,2.3,7.5,74.3,0,Y,Y,Vegetarian
Kitchen_187_1_1_3,Kitchen_187_1_1_3,Kitchen,1.48,340,1.3,2.3,7.5,74.3,0,Y,Y,Vegetarian
Kitchen_187_1_1_2,Kitchen_187_1_1_2,Kitchen,1.48,340,1.3,2.3,7.5,74.3,0,Y,Y,Vegetarian
Kitchen_187_1_1_1,Kitchen_187_1_1_1,Kitchen,1.48,340,1.3,2.3,7.5,74.3,0,Y,Y,Vegetarian
Kitchen_187_1_1_4,Kitchen_187_1_1_4,Kitchen,1.48,340,1.3,2.3,7.5,74.3,0,Y,Y,Vegetarian
Cleaning_188_2_1_1,Cleaning_188_2_1_1,Cleaning,3.39,175,8.7,3.1,8.5,27,0,Y,Y,N
Cleaning_188_1_1_1,Cleaning_188_1_1_1,Cleaning,3.39,175,8.7,3.1,8.5,27,0,Y,Y,N
Cleaning_189_2_1_1,Cleaning_189_2_1_1,Cleaning,3.39,175,8.7,3.1,8.5,27,0,Y,Y,N
Cleaning_189_1_1_1,Cleaning_189_1_1_1,Cleaning,2.19,330,5.6,1.45,5.1,77,0,Y,Y,N
Cleaning_191_1_1_1,Cleaning_191_1_1_1,Cleaning,2.19,330,5.6,1.45,5.1,77,0,Y,Y,N
Cleaning_195_1_1_1,Cleaning_195_1_1_1,Cleaning,2.19,330,5.6,1.45,5.1,77,0,Y,Y,N
Cleaning_198_1_1_1,Cleaning_198_1_1_1,Cleaning,2.19,330,5.6,1.45,5.1,77,0,Y,Y,N
Cleaning_200_2_1_1,Cleaning_200_2_1_1,Cleaning,1.79,350,4.45,0.25,2.6,33,0,N,N,Vegan
Cleaning_200_1_1_1,Cleaning_200_1_1_1,Cleaning,1.79,350,4.45,0.25,2.6,33,0,N,N,Vegan
Cleaning_201_1_1_1,Cleaning_201_1_1_1,Cleaning,1.79,350,4.45,0.25,2.6,33,0,N,N,Vegan
Hygiene_202_1_1_1,Hygiene_202_1_1_1,Hygiene,1.79,350,4.45,0.25,2.6,33,0,N,N,Vegan
Hygiene_203_1_1_1,Hygiene_203_1_1_1,Hygiene,2.49,102,5.1,1.7,5.4,7.8,0,Y,Y,N
Hygiene_203_2_1_1,Hygiene_203_2_1_1,Hygiene,2.49,102,5.1,1.7,5.4,7.8,0,Y,Y,N
Hygiene_204_1_1_1,Hygiene_204_1_1_1,Hygiene,1.99,145,4.8,0.2,2.2,22,0,N,N,Vegan
Hygiene_204_3_1_2,Hygiene_204_3_1_2,Hygiene,1.99,145,4.8,0.2,2.2,22,0,N,N,Vegan
Hygiene_204_3_1_1,Hygiene_204_3_1_1,Hygiene,1.69,350,1,2,8.5,73.3,0,Y,Y,Vegetarian
Hygiene_204_2_1_2,Hygiene_204_2_1_2,Hygiene,1.69,350,1,2,8.5,73.3,0,Y,Y,Vegetarian
Hygiene_204_2_1_1,Hygiene_204_2_1_1,Hygiene,1.69,350,1,2,8.5,73.3,0,Y,Y,Vegetarian
Hygiene_204_1_1_2,Hygiene_204_1_1_2,Hygiene,3.69,230,8.5,3.2,9.5,28,0,Y,Y,N
Hygiene_205_1_1_1,Hygiene_205_1_1_1,Hygiene,3.69,230,8.5,3.2,9.5,28,0,Y,Y,N
Hygiene_205_1_1_2,Hygiene_205_1_1_2,Hygiene,3.69,230,8.5,3.2,9.5,28,0,Y,Y,N
Hygiene_205_1_1_3,Hygiene_205_1_1_3,Hygiene,3.69,230,8.5,3.2,9.5,28,0,Y,Y,N
Hygiene_207_1_1_1,Hygiene_207_1_1_1,Hygiene,2.4,120,5,1.9,5,7.65,0,Y,Y,N
Hygiene_207_2_1_2,Hygiene_207_2_1_2,Hygiene,2.4,120,5,1.9,5,7.65,0,Y,Y,N
Hygiene_207_2_1_1,Hygiene_207_2_1_1,Hygiene,2.4,120,5,1.9,5,7.65,0,Y,Y,N
Hygiene_207_1_1_3,Hygiene_207_1_1_3,Hygiene,2.4,154,4.6,1.2,2.1,25,0,N,N,Vegan
Hygiene_207_1_1_2,Hygiene_207_1_1_2,Hygiene,2.4,154,4.6,1.2,2.1,25,0,N,N,Vegan
Hygiene_207_2_1_3,Hygiene_207_2_1_3,Hygiene,2.4,154,4.6,1.2,2.1,25,0,N,N,Vegan
Hygiene_208_1_1_1,Hygiene_208_1_1_1,Hygiene,1.48,340,1.3,2.3,7.5,74.3,0,Y,Y,Vegetarian
Sauce_209_2_1_2,Sauce_209_2_1_2,Sauce,1.48,340,1.3,2.3,7.5,74.3,0,Y,Y,Vegetarian
Sauce_209_1_1_2,Sauce_209_1_1_2,Sauce,1.48,340,1.3,2.3,7.5,74.3,0,Y,Y,Vegetarian
Sauce_209_3_1_1,Sauce_209_3_1_1,Sauce,1.48,340,1.3,2.3,7.5,74.3,0,Y,Y,Vegetarian
Sauce_209_4_1_1,Sauce_209_4_1_1,Sauce,1.48,340,1.3,2.3,7.5,74.3,0,Y,Y,Vegetarian
Sauce_209_3_1_2,Sauce_209_3_1_2,Sauce,1.48,340,1.3,2.3,7.5,74.3,0,Y,Y,Vegetarian
Sauce_209_1_1_1,Sauce_209_1_1_1,Sauce,3.39,175,8.7,3.1,8.5,27,0,Y,Y,N
Sauce_209_4_1_2,Sauce_209_4_1_2,Sauce,3.39,175,8.7,3.1,8.5,27,0,Y,Y,N
Sauce_209_2_1_1,Sauce_209_2_1_1,Sauce,3.39,175,8.7,3.1,8.5,27,0,Y,Y,N
Sauce_210_3_1_1,Sauce_210_3_1_1,Sauce,2.19,330,5.6,1.45,5.1,77,0,Y,Y,N
Sauce_210_2_1_1,Sauce_210_2_1_1,Sauce,2.19,330,5.6,1.45,5.1,77,0,Y,Y,N
Sauce_210_1_1_1,Sauce_210_1_1_1,Sauce,2.19,330,5.6,1.45,5.1,77,0,Y,Y,N
Sauce_211_4_1_1,Sauce_211_4_1_1,Sauce,2.19,330,5.6,1.45,5.1,77,0,Y,Y,N
Sauce_211_3_1_1,Sauce_211_3_1_1,Sauce,1.79,350,4.45,0.25,2.6,33,0,N,N,Vegan
Sauce_211_1_1_2,Sauce_211_1_1_2,Sauce,1.79,350,4.45,0.25,2.6,33,0,N,N,Vegan
Sauce_211_4_1_2,Sauce_211_4_1_2,Sauce,1.79,350,4.45,0.25,2.6,33,0,N,N,Vegan
Sauce_211_3_1_2,Sauce_211_3_1_2,Sauce,1.79,350,4.45,0.25,2.6,33,0,N,N,Vegan
Sauce_211_2_1_1,Sauce_211_2_1_1,Sauce,2.49,102,5.1,1.7,5.4,7.8,0,Y,Y,N
Sauce_211_2_1_2,Sauce_211_2_1_2,Sauce,2.49,102,5.1,1.7,5.4,7.8,0,Y,Y,N
Sauce_211_1_1_1,Sauce_211_1_1_1,Sauce,1.99,145,4.8,0.2,2.2,22,0,N,N,Vegan
Sauce_212_4_1_2,Sauce_212_4_1_2,Sauce,1.99,145,4.8,0.2,2.2,22,0,N,N,Vegan
Sauce_212_1_1_1,Sauce_212_1_1_1,Sauce,1.69,350,1,2,8.5,73.3,0,Y,Y,Vegetarian
Sauce_212_3_1_2,Sauce_212_3_1_2,Sauce,1.69,350,1,2,8.5,73.3,0,Y,Y,Vegetarian
Sauce_212_2_1_1,Sauce_212_2_1_1,Sauce,1.69,350,1,2,8.5,73.3,0,Y,Y,Vegetarian
Sauce_212_3_1_1,Sauce_212_3_1_1,Sauce,3.69,230,8.5,3.2,9.5,28,0,Y,Y,N
Sauce_212_4_1_1,Sauce_212_4_1_1,Sauce,3.69,230,8.5,3.2,9.5,28,0,Y,Y,N
Sauce_212_2_1_2,Sauce_212_2_1_2,Sauce,3.69,230,8.5,3.2,9.5,28,0,Y,Y,N
Sauce_212_1_1_2,Sauce_212_1_1_2,Sauce,3.69,230,8.5,3.2,9.5,28,0,Y,Y,N
Oil_213_1_1_1,Oil_213_1_1_1,Oil,2.4,120,5,1.9,5,7.65,0,Y,Y,N
Oil_213_2_1_1,Oil_213_2_1_1,Oil,2.4,120,5,1.9,5,7.65,0,Y,Y,N
Oil_214_1_1_1,Oil_214_1_1_1,Oil,2.4,120,5,1.9,5,7.65,0,Y,Y,N
Oil_214_3_1_1,Oil_214_3_1_1,Oil,2.4,154,4.6,1.2,2.1,25,0,N,N,Vegan
Oil_214_2_1_1,Oil_214_2_1_1,Oil,2.4,154,4.6,1.2,2.1,25,0,N,N,Vegan
Oil_215_2_1_1,Oil_215_2_1_1,Oil,2.4,154,4.6,1.2,2.1,25,0,N,N,Vegan
Oil_215_3_1_1,Oil_215_3_1_1,Oil,1.48,340,1.3,2.3,7.5,74.3,0,Y,Y,Vegetarian
Oil_215_1_1_1,Oil_215_1_1_1,Oil,1.48,340,1.3,2.3,7.5,74.3,0,Y,Y,Vegetarian
Oil_215_4_1_1,Oil_215_4_1_1,Oil,1.48,340,1.3,2.3,7.5,74.3,0,Y,Y,Vegetarian
Oil_216_2_1_1,Oil_216_2_1_1,Oil,1.48,340,1.3,2.3,7.5,74.3,0,Y,Y,Vegetarian
Oil_216_1_1_1,Oil_216_1_1_1,Oil,1.48,340,1.3,2.3,7.5,74.3,0,Y,Y,Vegetarian
Spice_217_1_1_1,Spice_217_1_1_1,Spice,1.48,340,1.3,2.3,7.5,74.3,0,Y,Y,Vegetarian
Spice_217_2_1_1,Spice_217_2_1_1,Spice,3.39,175,8.7,3.1,8.5,27,0,Y,Y,N
Spice_217_3_1_1,Spice_217_3_1_1,Spice,3.39,175,8.7,3.1,8.5,27,0,Y,Y,N
Spice_218_4_1_1,Spice_218_4_1_1,Spice,3.39,175,8.7,3.1,8.5,27,0,Y,Y,N
Spice_218_5_1_1,Spice_218_5_1_1,Spice,2.19,330,5.6,1.45,5.1,77,0,Y,Y,N
Spice_218_1_1_1,Spice_218_1_1_1,Spice,2.19,330,5.6,1.45,5.1,77,0,Y,Y,N
Spice_218_3_1_1,Spice_218_3_1_1,Spice,2.19,330,5.6,1.45,5.1,77,0,Y,Y,N
Spice_218_2_1_1,Spice_218_2_1_1,Spice,2.19,330,5.6,1.45,5.1,77,0,Y,Y,N
Spice_219_1_1_1,Spice_219_1_1_1,Spice,1.79,350,4.45,0.25,2.6,33,0,N,N,Vegan
Spice_219_3_1_1,Spice_219_3_1_1,Spice,1.79,350,4.45,0.25,2.6,33,0,N,N,Vegan
Spice_219_5_1_1,Spice_219_5_1_1,Spice,1.79,350,4.45,0.25,2.6,33,0,N,N,Vegan
Spice_219_4_1_1,Spice_219_4_1_1,Spice,1.79,350,4.45,0.25,2.6,33,0,N,N,Vegan
Spice_219_2_1_1,Spice_219_2_1_1,Spice,2.49,102,5.1,1.7,5.4,7.8,0,Y,Y,N
Spice_219_6_1_1,Spice_219_6_1_1,Spice,2.49,102,5.1,1.7,5.4,7.8,0,Y,Y,N
Spice_220_5_1_1,Spice_220_5_1_1,Spice,1.99,145,4.8,0.2,2.2,22,0,N,N,Vegan
Spice_220_4_1_1,Spice_220_4_1_1,Spice,1.99,145,4.8,0.2,2.2,22,0,N,N,Vegan
Spice_220_2_1_1,Spice_220_2_1_1,Spice,1.69,350,1,2,8.5,73.3,0,Y,Y,Vegetarian
Spice_220_3_1_1,Spice_220_3_1_1,Spice,1.69,350,1,2,8.5,73.3,0,Y,Y,Vegetarian
Spice_220_1_1_1,Spice_220_1_1_1,Spice,1.69,350,1,2,8.5,73.3,0,Y,Y,Vegetarian
Spice_221_4_1_1,Spice_221_4_1_1,Spice,3.69,230,8.5,3.2,9.5,28,0,Y,Y,N
Spice_221_3_1_1,Spice_221_3_1_1,Spice,3.69,230,8.5,3.2,9.5,28,0,Y,Y,N
Spice_221_2_1_1,Spice_221_2_1_1,Spice,3.69,230,8.5,3.2,9.5,28,0,Y,Y,N
Spice_221_1_1_1,Spice_221_1_1_1,Spice,3.69,230,8.5,3.2,9.5,28,0,Y,Y,N
Spice_222_1_1_1,Spice_222_1_1_1,Spice,2.4,120,5,1.9,5,7.65,0,Y,Y,N
Spice_222_4_1_1,Spice_222_4_1_1,Spice,2.4,120,5,1.9,5,7.65,0,Y,Y,N
Spice_222_3_1_1,Spice_222_3_1_1,Spice,2.4,120,5,1.9,5,7.65,0,Y,Y,N
Spice_222_2_1_1,Spice_222_2_1_1,Spice,2.4,154,4.6,1.2,2.1,25,0,N,N,Vegan
Spice_223_4_1_1,Spice_223_4_1_1,Spice,2.4,154,4.6,1.2,2.1,25,0,N,N,Vegan
Spice_223_3_1_1,Spice_223_3_1_1,Spice,2.4,154,4.6,1.2,2.1,25,0,N,N,Vegan
Spice_223_2_1_1,Spice_223_2_1_1,Spice,1.48,340,1.3,2.3,7.5,74.3,0,Y,Y,Vegetarian
Spice_223_1_1_1,Spice_223_1_1_1,Spice,1.48,340,1.3,2.3,7.5,74.3,0,Y,Y,Vegetarian
Spice_224_4_1_1,Spice_224_4_1_1,Spice,1.48,340,1.3,2.3,7.5,74.3,0,Y,Y,Vegetarian
Spice_224_1_1_1,Spice_224_1_1_1,Spice,1.48,340,1.3,2.3,7.5,74.3,0,Y,Y,Vegetarian
Spice_224_3_1_1,Spice_224_3_1_1,Spice,1.48,340,1.3,2.3,7.5,74.3,0,Y,Y,Vegetarian
Spice_224_2_1_1,Spice_224_2_1_1,Spice,1.48,340,1.3,2.3,7.5,74.3,0,Y,Y,Vegetarian
Spice_224_2_1_2,Spice_224_2_1_2,Spice,3.39,175,8.7,3.1,8.5,27,0,Y,Y,N
Spice_224_4_1_2,Spice_224_4_1_2,Spice,3.39,175,8.7,3.1,8.5,27,0,Y,Y,N
Spice_224_1_1_2,Spice_224_1_1_2,Spice,3.39,175,8.7,3.1,8.5,27,0,Y,Y,N
Spice_224_3_1_2,Spice_224_3_1_2,Spice,2.19,330,5.6,1.45,5.1,77,0,Y,Y,N
Spice_225_1_1_1,Spice_225_1_1_1,Spice,2.19,330,5.6,1.45,5.1,77,0,Y,Y,N
Spice_225_2_1_1,Spice_225_2_1_1,Spice,2.19,330,5.6,1.45,5.1,77,0,Y,Y,N
Spice_225_3_1_1,Spice_225_3_1_1,Spice,2.19,330,5.6,1.45,5.1,77,0,Y,Y,N
Spice_226_2_1_1,Spice_226_2_1_1,Spice,1.79,350,4.45,0.25,2.6,33,0,N,N,Vegan
Spice_226_1_1_1,Spice_226_1_1_1,Spice,1.79,350,4.45,0.25,2.6,33,0,N,N,Vegan
Spice_227_1_1_1,Spice_227_1_1_1,Spice,1.79,350,4.45,0.25,2.6,33,0,N,N,Vegan
Spice_227_2_1_1,Spice_227_2_1_1,Spice,1.79,350,4.45,0.25,2.6,33,0,N,N,Vegan
Spice_228_1_1_1,Spice_228_1_1_1,Spice,2.49,102,5.1,1.7,5.4,7.8,0,Y,Y,N
Spice_228_2_1_1,Spice_228_2_1_1,Spice,2.49,102,5.1,1.7,5.4,7.8,0,Y,Y,N
Spice_229_3_1_1,Spice_229_3_1_1,Spice,1.99,145,4.8,0.2,2.2,22,0,N,N,Vegan
Spice_229_2_1_1,Spice_229_2_1_1,Spice,1.99,145,4.8,0.2,2.2,22,0,N,N,Vegan
Spice_229_1_1_1,Spice_229_1_1_1,Spice,1.69,350,1,2,8.5,73.3,0,Y,Y,Vegetarian
Spice_230_3_1_1,Spice_230_3_1_1,Spice,1.69,350,1,2,8.5,73.3,0,Y,Y,Vegetarian
Spice_230_2_1_1,Spice_230_2_1_1,Spice,1.69,350,1,2,8.5,73.3,0,Y,Y,Vegetarian
Spice_230_1_1_1,Spice_230_1_1_1,Spice,3.69,230,8.5,3.2,9.5,28,0,Y,Y,N
Spice_231_1_1_1,Spice_231_1_1_1,Spice,3.69,230,8.5,3.2,9.5,28,0,Y,Y,N
Spice_232_1_1_1,Spice_232_1_1_1,Spice,3.69,230,8.5,3.2,9.5,28,0,Y,Y,N
Spice_232_2_1_1,Spice_232_2_1_1,Spice,3.69,230,8.5,3.2,9.5,28,0,Y,Y,N
Spice_233_2_1_1,Spice_233_2_1_1,Spice,2.4,120,5,1.9,5,7.65,0,Y,Y,N
Spice_233_1_1_1,Spice_233_1_1_1,Spice,2.4,120,5,1.9,5,7.65,0,Y,Y,N
Spice_233_3_1_1,Spice_233_3_1_1,Spice,2.4,120,5,1.9,5,7.65,0,Y,Y,N
Spice_234_1_1_1,Spice_234_1_1_1,Spice,2.4,154,4.6,1.2,2.1,25,0,N,N,Vegan
Spice_234_3_1_1,Spice_234_3_1_1,Spice,2.4,154,4.6,1.2,2.1,25,0,N,N,Vegan
Spice_234_2_1_1,Spice_234_2_1_1,Spice,2.4,154,4.6,1.2,2.1,25,0,N,N,Vegan
Spice_234_4_1_1,Spice_234_4_1_1,Spice,1.48,340,1.3,2.3,7.5,74.3,0,Y,Y,Vegetarian
Cleaning_235_1_1_1,Cleaning_235_1_1_1,Cleaning,1.48,340,1.3,2.3,7.5,74.3,0,Y,Y,Vegetarian
Cleaning_235_1_1_2,Cleaning_235_1_1_2,Cleaning,1.48,340,1.3,2.3,7.5,74.3,0,Y,Y,Vegetarian
Hygiene_237_5_1_2,Hygiene_237_5_1_2,Hygiene,1.48,340,1.3,2.3,7.5,74.3,0,Y,Y,Vegetarian
Hygiene_237_4_1_2,Hygiene_237_4_1_2,Hygiene,1.48,340,1.3,2.3,7.5,74.3,0,Y,Y,Vegetarian
Hygiene_237_4_1_1,Hygiene_237_4_1_1,Hygiene,1.48,340,1.3,2.3,7.5,74.3,0,Y,Y,Vegetarian
Hygiene_237_3_1_2,Hygiene_237_3_1_2,Hygiene,3.39,175,8.7,3.1,8.5,27,0,Y,Y,N
Hygiene_237_1_1_2,Hygiene_237_1_1_2,Hygiene,3.39,175,8.7,3.1,8.5,27,0,Y,Y,N
Hygiene_237_3_1_1,Hygiene_237_3_1_1,Hygiene,3.39,175,8.7,3.1,8.5,27,0,Y,Y,N
Hygiene_237_2_1_2,Hygiene_237_2_1_2,Hygiene,2.19,330,5.6,1.45,5.1,77,0,Y,Y,N
Hygiene_237_2_1_1,Hygiene_237_2_1_1,Hygiene,2.19,330,5.6,1.45,5.1,77,0,Y,Y,N
Hygiene_237_1_1_1,Hygiene_237_1_1_1,Hygiene,2.19,330,5.6,1.45,5.1,77,0,Y,Y,N
Hygiene_237_5_1_1,Hygiene_237_5_1_1,Hygiene,2.19,330,5.6,1.45,5.1,77,0,Y,Y,N
Hygiene_238_1_1_1,Hygiene_238_1_1_1,Hygiene,1.79,350,4.45,0.25,2.6,33,0,N,N,Vegan
Hygiene_238_2_1_1,Hygiene_238_2_1_1,Hygiene,1.79,350,4.45,0.25,2.6,33,0,N,N,Vegan
Hygiene_238_2_1_2,Hygiene_238_2_1_2,Hygiene,1.79,350,4.45,0.25,2.6,33,0,N,N,Vegan
Hygiene_238_3_1_1,Hygiene_238_3_1_1,Hygiene,1.79,350,4.45,0.25,2.6,33,0,N,N,Vegan
Hygiene_238_3_1_2,Hygiene_238_3_1_2,Hygiene,2.49,102,5.1,1.7,5.4,7.8,0,Y,Y,N
Hygiene_238_4_1_1,Hygiene_238_4_1_1,Hygiene,2.49,102,5.1,1.7,5.4,7.8,0,Y,Y,N
Hygiene_238_4_1_2,Hygiene_238_4_1_2,Hygiene,1.99,145,4.8,0.2,2.2,22,0,N,N,Vegan
Hygiene_238_5_1_1,Hygiene_238_5_1_1,Hygiene,1.99,145,4.8,0.2,2.2,22,0,N,N,Vegan
Hygiene_238_5_1_2,Hygiene_238_5_1_2,Hygiene,1.69,350,1,2,8.5,73.3,0,Y,Y,Vegetarian
Hygiene_238_1_1_2,Hygiene_238_1_1_2,Hygiene,1.69,350,1,2,8.5,73.3,0,Y,Y,Vegetarian
Hygiene_239_1_1_3,Hygiene_239_1_1_3,Hygiene,1.69,350,1,2,8.5,73.3,0,Y,Y,Vegetarian
Hygiene_239_1_1_2,Hygiene_239_1_1_2,Hygiene,3.69,230,8.5,3.2,9.5,28,0,Y,Y,N
Hygiene_239_1_1_4,Hygiene_239_1_1_4,Hygiene,3.69,230,8.5,3.2,9.5,28,0,Y,Y,N
Hygiene_239_1_1_1,Hygiene_239_1_1_1,Hygiene,3.69,230,8.5,3.2,9.5,28,0,Y,Y,N
Hygiene_240_1_1_1,Hygiene_240_1_1_1,Hygiene,3.69,230,8.5,3.2,9.5,28,0,Y,Y,N
Hygiene_240_1_1_4,Hygiene_240_1_1_4,Hygiene,2.4,120,5,1.9,5,7.65,0,Y,Y,N
Hygiene_240_1_1_3,Hygiene_240_1_1_3,Hygiene,2.4,120,5,1.9,5,7.65,0,Y,Y,N
Hygiene_240_1_1_2,Hygiene_240_1_1_2,Hygiene,2.4,120,5,1.9,5,7.65,0,Y,Y,N
Hygiene_241_2_1_1,Hygiene_241_2_1_1,Hygiene,2.4,154,4.6,1.2,2.1,25,0,N,N,Vegan
Hygiene_241_1_1_4,Hygiene_241_1_1_4,Hygiene,2.4,154,4.6,1.2,2.1,25,0,N,N,Vegan
Hygiene_241_1_1_1,Hygiene_241_1_1_1,Hygiene,2.4,154,4.6,1.2,2.1,25,0,N,N,Vegan
Hygiene_241_2_1_3,Hygiene_241_2_1_3,Hygiene,1.48,340,1.3,2.3,7.5,74.3,0,Y,Y,Vegetarian
Hygiene_241_1_1_3,Hygiene_241_1_1_3,Hygiene,1.48,340,1.3,2.3,7.5,74.3,0,Y,Y,Vegetarian
Hygiene_241_1_1_2,Hygiene_241_1_1_2,Hygiene,1.48,340,1.3,2.3,7.5,74.3,0,Y,Y,Vegetarian
Hygiene_241_2_1_4,Hygiene_241_2_1_4,Hygiene,1.48,340,1.3,2.3,7.5,74.3,0,Y,Y,Vegetarian
Hygiene_241_4_1_4,Hygiene_241_4_1_4,Hygiene,1.48,340,1.3,2.3,7.5,74.3,0,Y,Y,Vegetarian
Hygiene_241_4_1_3,Hygiene_241_4_1_3,Hygiene,1.48,340,1.3,2.3,7.5,74.3,0,Y,Y,Vegetarian
Hygiene_241_4_1_2,Hygiene_241_4_1_2,Hygiene,3.39,175,8.7,3.1,8.5,27,0,Y,Y,N
Hygiene_241_4_1_1,Hygiene_241_4_1_1,Hygiene,3.39,175,8.7,3.1,8.5,27,0,Y,Y,N
Hygiene_241_3_1_4,Hygiene_241_3_1_4,Hygiene,3.39,175,8.7,3.1,8.5,27,0,Y,Y,N
Hygiene_241_3_1_3,Hygiene_241_3_1_3,Hygiene,2.19,330,5.6,1.45,5.1,77,0,Y,Y,N
Hygiene_241_3_1_2,Hygiene_241_3_1_2,Hygiene,2.19,330,5.6,1.45,5.1,77,0,Y,Y,N
Hygiene_241_3_1_1,Hygiene_241_3_1_1,Hygiene,2.19,330,5.6,1.45,5.1,77,0,Y,Y,N
Hygiene_241_2_1_2,Hygiene_241_2_1_2,Hygiene,2.19,330,5.6,1.45,5.1,77,0,Y,Y,N
Hygiene_242_1_1_2,Hygiene_242_1_1_2,Hygiene,1.79,350,4.45,0.25,2.6,33,0,N,N,Vegan
Hygiene_242_5_1_2,Hygiene_242_5_1_2,Hygiene,1.79,350,4.45,0.25,2.6,33,0,N,N,Vegan
Hygiene_242_1_1_3,Hygiene_242_1_1_3,Hygiene,1.79,350,4.45,0.25,2.6,33,0,N,N,Vegan
Hygiene_242_2_1_1,Hygiene_242_2_1_1,Hygiene,1.79,350,4.45,0.25,2.6,33,0,N,N,Vegan
Hygiene_242_2_1_2,Hygiene_242_2_1_2,Hygiene,2.49,102,5.1,1.7,5.4,7.8,0,Y,Y,N
Hygiene_242_2_1_3,Hygiene_242_2_1_3,Hygiene,2.49,102,5.1,1.7,5.4,7.8,0,Y,Y,N
Hygiene_242_3_1_2,Hygiene_242_3_1_2,Hygiene,1.99,145,4.8,0.2,2.2,22,0,N,N,Vegan
Hygiene_242_3_1_3,Hygiene_242_3_1_3,Hygiene,1.99,145,4.8,0.2,2.2,22,0,N,N,Vegan
Hygiene_242_3_1_1,Hygiene_242_3_1_1,Hygiene,1.69,350,1,2,8.5,73.3,0,Y,Y,Vegetarian
Hygiene_242_4_1_2,Hygiene_242_4_1_2,Hygiene,1.69,350,1,2,8.5,73.3,0,Y,Y,Vegetarian
Hygiene_242_4_1_3,Hygiene_242_4_1_3,Hygiene,1.69,350,1,2,8.5,73.3,0,Y,Y,Vegetarian
Hygiene_242_5_1_1,Hygiene_242_5_1_1,Hygiene,3.69,230,8.5,3.2,9.5,28,0,Y,Y,N
Hygiene_242_5_1_3,Hygiene_242_5_1_3,Hygiene,3.69,230,8.5,3.2,9.5,28,0,Y,Y,N
Hygiene_242_4_1_1,Hygiene_242_4_1_1,Hygiene,3.69,230,8.5,3.2,9.5,28,0,Y,Y,N
Hygiene_242_1_1_1,Hygiene_242_1_1_1,Hygiene,3.69,230,8.5,3.2,9.5,28,0,Y,Y,N
Hygiene_243_1_1_1,Hygiene_243_1_1_1,Hygiene,2.4,120,5,1.9,5,7.65,0,Y,Y,N
Hygiene_243_2_1_2,Hygiene_243_2_1_2,Hygiene,2.4,120,5,1.9,5,7.65,0,Y,Y,N
Hygiene_243_2_1_1,Hygiene_243_2_1_1,Hygiene,2.4,120,5,1.9,5,7.65,0,Y,Y,N
Hygiene_243_1_1_2,Hygiene_243_1_1_2,Hygiene,2.4,154,4.6,1.2,2.1,25,0,N,N,Vegan
Health_244_4_1_1,Health_244_4_1_1,Health,2.4,154,4.6,1.2,2.1,25,0,N,N,Vegan
Health_244_3_1_2,Health_244_3_1_2,Health,2.4,154,4.6,1.2,2.1,25,0,N,N,Vegan
Health_244_5_1_1,Health_244_5_1_1,Health,1.48,340,1.3,2.3,7.5,74.3,0,Y,Y,Vegetarian
Health_244_3_1_1,Health_244_3_1_1,Health,1.48,340,1.3,2.3,7.5,74.3,0,Y,Y,Vegetarian
Health_244_2_1_2,Health_244_2_1_2,Health,1.48,340,1.3,2.3,7.5,74.3,0,Y,Y,Vegetarian
Health_244_2_1_1,Health_244_2_1_1,Health,1.48,340,1.3,2.3,7.5,74.3,0,Y,Y,Vegetarian
Health_244_1_1_2,Health_244_1_1_2,Health,1.48,340,1.3,2.3,7.5,74.3,0,Y,Y,Vegetarian
Health_244_4_1_2,Health_244_4_1_2,Health,1.48,340,1.3,2.3,7.5,74.3,0,Y,Y,Vegetarian
Health_244_5_1_2,Health_244_5_1_2,Health,3.39,175,8.7,3.1,8.5,27,0,Y,Y,N
Health_244_1_1_1,Health_244_1_1_1,Health,3.39,175,8.7,3.1,8.5,27,0,Y,Y,N
Health_245_3_1_1,Health_245_3_1_1,Health,3.39,175,8.7,3.1,8.5,27,0,Y,Y,N
Health_245_2_1_1,Health_245_2_1_1,Health,2.19,330,5.6,1.45,5.1,77,0,Y,Y,N
Health_245_1_1_1,Health_245_1_1_1,Health,2.19,330,5.6,1.45,5.1,77,0,Y,Y,N
Health_246_1_1_1,Health_246_1_1_1,Health,2.19,330,5.6,1.45,5.1,77,0,Y,Y,N
Health_246_3_1_1,Health_246_3_1_1,Health,2.19,330,5.6,1.45,5.1,77,0,Y,Y,N
Health_246_2_1_1,Health_246_2_1_1,Health,1.79,350,4.45,0.25,2.6,33,0,N,N,Vegan
Health_247_3_1_1,Health_247_3_1_1,Health,1.79,350,4.45,0.25,2.6,33,0,N,N,Vegan
Health_247_1_1_1,Health_247_1_1_1,Health,1.79,350,4.45,0.25,2.6,33,0,N,N,Vegan
Health_247_3_1_2,Health_247_3_1_2,Health,1.79,350,4.45,0.25,2.6,33,0,N,N,Vegan
Health_247_4_1_1,Health_247_4_1_1,Health,2.49,102,5.1,1.7,5.4,7.8,0,Y,Y,N
Health_247_2_1_1,Health_247_2_1_1,Health,2.49,102,5.1,1.7,5.4,7.8,0,Y,Y,N
Health_247_2_1_2,Health_247_2_1_2,Health,1.99,145,4.8,0.2,2.2,22,0,N,N,Vegan
Health_247_5_1_2,Health_247_5_1_2,Health,1.99,145,4.8,0.2,2.2,22,0,N,N,Vegan
Health_247_5_1_1,Health_247_5_1_1,Health,1.69,350,1,2,8.5,73.3,0,Y,Y,Vegetarian
Health_247_4_1_2,Health_247_4_1_2,Health,1.69,350,1,2,8.5,73.3,0,Y,Y,Vegetarian
Health_247_1_1_2,Health_247_1_1_2,Health,1.69,350,1,2,8.5,73.3,0,Y,Y,Vegetarian
Kitchen_249_1_1_4,Kitchen_249_1_1_4,Kitchen,3.69,230,8.5,3.2,9.5,28,0,Y,Y,N
Kitchen_249_1_1_8,Kitchen_249_1_1_8,Kitchen,3.69,230,8.5,3.2,9.5,28,0,Y,Y,N
Kitchen_249_1_1_7,Kitchen_249_1_1_7,Kitchen,3.69,230,8.5,3.2,9.5,28,0,Y,Y,N
Kitchen_249_1_1_6,Kitchen_249_1_1_6,Kitchen,3.69,230,8.5,3.2,9.5,28,0,Y,Y,N
Kitchen_249_1_1_5,Kitchen_249_1_1_5,Kitchen,2.4,120,5,1.9,5,7.65,0,Y,Y,N
Kitchen_249_1_1_2,Kitchen_249_1_1_2,Kitchen,2.4,120,5,1.9,5,7.65,0,Y,Y,N
Kitchen_249_1_1_1,Kitchen_249_1_1_1,Kitchen,2.4,120,5,1.9,5,7.65,0,Y,Y,N
Kitchen_249_1_1_3,Kitchen_249_1_1_3,Kitchen,2.4,154,4.6,1.2,2.1,25,0,N,N,Vegan
Kitchen_250_2_1_1,Kitchen_250_2_1_1,Kitchen,2.4,154,4.6,1.2,2.1,25,0,N,N,Vegan
Kitchen_250_1_1_1,Kitchen_250_1_1_1,Kitchen,2.4,154,4.6,1.2,2.1,25,0,N,N,Vegan
Kitchen_251_1_1_3,Kitchen_251_1_1_3,Kitchen,1.48,340,1.3,2.3,7.5,74.3,0,Y,Y,Vegetarian
Kitchen_251_1_1_2,Kitchen_251_1_1_2,Kitchen,1.48,340,1.3,2.3,7.5,74.3,0,Y,Y,Vegetarian
Kitchen_251_1_1_1,Kitchen_251_1_1_1,Kitchen,1.48,340,1.3,2.3,7.5,74.3,0,Y,Y,Vegetarian
Hygiene_252_2_1_3,Hygiene_252_2_1_3,Hygiene,1.48,340,1.3,2.3,7.5,74.3,0,Y,Y,Vegetarian
Hygiene_252_2_1_2,Hygiene_252_2_1_2,Hygiene,1.48,340,1.3,2.3,7.5,74.3,0,Y,Y,Vegetarian
Hygiene_252_1_1_2,Hygiene_252_1_1_2,Hygiene,1.48,340,1.3,2.3,7.5,74.3,0,Y,Y,Vegetarian
Hygiene_252_2_1_1,Hygiene_252_2_1_1,Hygiene,3.39,175,8.7,3.1,8.5,27,0,Y,Y,N
Hygiene_252_1_1_1,Hygiene_252_1_1_1,Hygiene,3.39,175,8.7,3.1,8.5,27,0,Y,Y,N
Hygiene_252_1_1_3,Hygiene_252_1_1_3,Hygiene,3.39,175,8.7,3.1,8.5,27,0,Y,Y,N
Hygiene_253_2_1_1,Hygiene_253_2_1_1,Hygiene,2.19,330,5.6,1.45,5.1,77,0,Y,Y,N
Hygiene_253_2_1_2,Hygiene_253_2_1_2,Hygiene,2.19,330,5.6,1.45,5.1,77,0,Y,Y,N
Hygiene_253_2_1_3,Hygiene_253_2_1_3,Hygiene,2.19,330,5.6,1.45,5.1,77,0,Y,Y,N
Hygiene_253_1_1_2,Hygiene_253_1_1_2,Hygiene,2.19,330,5.6,1.45,5.1,77,0,Y,Y,N
Hygiene_253_1_1_1,Hygiene_253_1_1_1,Hygiene,1.79,350,4.45,0.25,2.6,33,0,N,N,Vegan
Hygiene_253_1_1_3,Hygiene_253_1_1_3,Hygiene,1.79,350,4.45,0.25,2.6,33,0,N,N,Vegan
Hygiene_254_1_1_1,Hygiene_254_1_1_1,Hygiene,1.79,350,4.45,0.25,2.6,33,0,N,N,Vegan
Hygiene_254_1_1_2,Hygiene_254_1_1_2,Hygiene,1.79,350,4.45,0.25,2.6,33,0,N,N,Vegan
Hygiene_254_2_1_1,Hygiene_254_2_1_1,Hygiene,2.49,102,5.1,1.7,5.4,7.8,0,Y,Y,N
Hygiene_254_2_1_2,Hygiene_254_2_1_2,Hygiene,2.49,102,5.1,1.7,5.4,7.8,0,Y,Y,N
Hygiene_254_3_1_1,Hygiene_254_3_1_1,Hygiene,1.99,145,4.8,0.2,2.2,22,0,N,N,Vegan
Hygiene_254_3_1_2,Hygiene_254_3_1_2,Hygiene,1.99,145,4.8,0.2,2.2,22,0,N,N,Vegan
Hygiene_254_4_1_2,Hygiene_254_4_1_2,Hygiene,1.69,350,1,2,8.5,73.3,0,Y,Y,Vegetarian
Hygiene_254_5_1_1,Hygiene_254_5_1_1,Hygiene,1.69,350,1,2,8.5,73.3,0,Y,Y,Vegetarian
Hygiene_254_6_1_1,Hygiene_254_6_1_1,Hygiene,1.69,350,1,2,8.5,73.3,0,Y,Y,Vegetarian
Hygiene_254_6_1_2,Hygiene_254_6_1_2,Hygiene,3.69,230,8.5,3.2,9.5,28,0,Y,Y,N
Hygiene_254_4_1_1,Hygiene_254_4_1_1,Hygiene,3.69,230,8.5,3.2,9.5,28,0,Y,Y,N
Hygiene_254_5_1_2,Hygiene_254_5_1_2,Hygiene,3.69,230,8.5,3.2,9.5,28,0,Y,Y,N
Hygiene_255_3_1_2,Hygiene_255_3_1_2,Hygiene,3.69,230,8.5,3.2,9.5,28,0,Y,Y,N
Hygiene_255_2_1_2,Hygiene_255_2_1_2,Hygiene,2.4,120,5,1.9,5,7.65,0,Y,Y,N
Hygiene_255_1_1_2,Hygiene_255_1_1_2,Hygiene,2.4,120,5,1.9,5,7.65,0,Y,Y,N
Hygiene_255_3_1_1,Hygiene_255_3_1_1,Hygiene,2.4,120,5,1.9,5,7.65,0,Y,Y,N
Hygiene_255_2_1_1,Hygiene_255_2_1_1,Hygiene,2.4,154,4.6,1.2,2.1,25,0,N,N,Vegan
Hygiene_255_1_1_1,Hygiene_255_1_1_1,Hygiene,2.4,154,4.6,1.2,2.1,25,0,N,N,Vegan
Hygiene_256_3_1_2,Hygiene_256_3_1_2,Hygiene,2.4,154,4.6,1.2,2.1,25,0,N,N,Vegan
Hygiene_256_1_1_2,Hygiene_256_1_1_2,Hygiene,1.48,340,1.3,2.3,7.5,74.3,0,Y,Y,Vegetarian
Hygiene_256_2_1_1,Hygiene_256_2_1_1,Hygiene,1.48,340,1.3,2.3,7.5,74.3,0,Y,Y,Vegetarian
Hygiene_256_2_1_2,Hygiene_256_2_1_2,Hygiene,1.48,340,1.3,2.3,7.5,74.3,0,Y,Y,Vegetarian
Hygiene_256_3_1_1,Hygiene_256_3_1_1,Hygiene,1.48,340,1.3,2.3,7.5,74.3,0,Y,Y,Vegetarian
Hygiene_256_1_1_1,Hygiene_256_1_1_1,Hygiene,1.48,340,1.3,2.3,7.5,74.3,0,Y,Y,Vegetarian
Hygiene_257_5_1_1,Hygiene_257_5_1_1,Hygiene,1.48,340,1.3,2.3,7.5,74.3,0,Y,Y,Vegetarian
Hygiene_257_2_1_1,Hygiene_257_2_1_1,Hygiene,3.39,175,8.7,3.1,8.5,27,0,Y,Y,N
Hygiene_257_3_1_1,Hygiene_257_3_1_1,Hygiene,3.39,175,8.7,3.1,8.5,27,0,Y,Y,N
Hygiene_257_4_1_1,Hygiene_257_4_1_1,Hygiene,3.39,175,8.7,3.1,8.5,27,0,Y,Y,N
Hygiene_257_1_1_2,Hygiene_257_1_1_2,Hygiene,2.19,330,5.6,1.45,5.1,77,0,Y,Y,N
Hygiene_257_2_1_2,Hygiene_257_2_1_2,Hygiene,2.19,330,5.6,1.45,5.1,77,0,Y,Y,N
Hygiene_257_3_1_2,Hygiene_257_3_1_2,Hygiene,2.19,330,5.6,1.45,5.1,77,0,Y,Y,N
Hygiene_257_1_1_1,Hygiene_257_1_1_1,Hygiene,2.19,330,5.6,1.45,5.1,77,0,Y,Y,N
Hygiene_257_5_1_2,Hygiene_257_5_1_2,Hygiene,1.79,350,4.45,0.25,2.6,33,0,N,N,Vegan
Hygiene_257_4_1_2,Hygiene_257_4_1_2,Hygiene,1.79,350,4.45,0.25,2.6,33,0,N,N,Vegan
Hygiene_258_2_1_1,Hygiene_258_2_1_1,Hygiene,1.79,350,4.45,0.25,2.6,33,0,N,N,Vegan
Hygiene_258_3_1_1,Hygiene_258_3_1_1,Hygiene,1.79,350,4.45,0.25,2.6,33,0,N,N,Vegan
Hygiene_258_4_1_1,Hygiene_258_4_1_1,Hygiene,2.49,102,5.1,1.7,5.4,7.8,0,Y,Y,N
Hygiene_258_1_1_1,Hygiene_258_1_1_1,Hygiene,2.49,102,5.1,1.7,5.4,7.8,0,Y,Y,N
Hygiene_260_1_1_2,Hygiene_260_1_1_2,Hygiene,1.99,145,4.8,0.2,2.2,22,0,N,N,Vegan
Hygiene_260_2_1_2,Hygiene_260_2_1_2,Hygiene,1.99,145,4.8,0.2,2.2,22,0,N,N,Vegan
Hygiene_260_2_1_1,Hygiene_260_2_1_1,Hygiene,1.69,350,1,2,8.5,73.3,0,Y,Y,Vegetarian
Hygiene_260_1_1_1,Hygiene_260_1_1_1,Hygiene,1.69,350,1,2,8.5,73.3,0,Y,Y,Vegetarian
Health_261_2_1_1,Health_261_2_1_1,Health,1.69,350,1,2,8.5,73.3,0,Y,Y,Vegetarian
Health_261_1_1_1,Health_261_1_1_1,Health,3.69,230,8.5,3.2,9.5,28,0,Y,Y,N
Health_262_3_1_4,Health_262_3_1_4,Health,3.69,230,8.5,3.2,9.5,28,0,Y,Y,N
Health_262_1_1_2,Health_262_1_1_2,Health,3.69,230,8.5,3.2,9.5,28,0,Y,Y,N
Health_262_1_1_3,Health_262_1_1_3,Health,3.69,230,8.5,3.2,9.5,28,0,Y,Y,N
Health_262_1_1_4,Health_262_1_1_4,Health,2.4,120,5,1.9,5,7.65,0,Y,Y,N
Health_262_2_1_1,Health_262_2_1_1,Health,2.4,120,5,1.9,5,7.65,0,Y,Y,N
Health_262_1_1_1,Health_262_1_1_1,Health,2.4,120,5,1.9,5,7.65,0,Y,Y,N
Health_262_2_1_3,Health_262_2_1_3,Health,2.4,154,4.6,1.2,2.1,25,0,N,N,Vegan
Health_262_2_1_4,Health_262_2_1_4,Health,2.4,154,4.6,1.2,2.1,25,0,N,N,Vegan
Health_262_3_1_1,Health_262_3_1_1,Health,2.4,154,4.6,1.2,2.1,25,0,N,N,Vegan
Health_262_3_1_2,Health_262_3_1_2,Health,1.48,340,1.3,2.3,7.5,74.3,0,Y,Y,Vegetarian
Health_262_3_1_3,Health_262_3_1_3,Health,1.48,340,1.3,2.3,7.5,74.3,0,Y,Y,Vegetarian
Health_262_2_1_2,Health_262_2_1_2,Health,1.48,340,1.3,2.3,7.5,74.3,0,Y,Y,Vegetarian
Health_263_3_1_2,Health_263_3_1_2,Health,1.48,340,1.3,2.3,7.5,74.3,0,Y,Y,Vegetarian
Health_263_3_1_1,Health_263_3_1_1,Health,1.48,340,1.3,2.3,7.5,74.3,0,Y,Y,Vegetarian
Health_263_2_1_3,Health_263_2_1_3,Health,1.48,340,1.3,2.3,7.5,74.3,0,Y,Y,Vegetarian
Health_263_2_1_2,Health_263_2_1_2,Health,3.39,175,8.7,3.1,8.5,27,0,Y,Y,N
Health_263_2_1_1,Health_263_2_1_1,Health,3.39,175,8.7,3.1,8.5,27,0,Y,Y,N
Health_263_1_1_3,Health_263_1_1_3,Health,3.39,175,8.7,3.1,8.5,27,0,Y,Y,N
Health_263_1_1_2,Health_263_1_1_2,Health,2.19,330,5.6,1.45,5.1,77,0,Y,Y,N
Health_263_1_1_1,Health_263_1_1_1,Health,2.19,330,5.6,1.45,5.1,77,0,Y,Y,N
Health_263_3_1_3,Health_263_3_1_3,Health,2.19,330,5.6,1.45,5.1,77,0,Y,Y,N
